,x1,x2,x3,x4,y
0,174.50920060628107,75.67151538882865,1663.3493028817509,81.14574343556106,407255.22030600527
1,220.76944212003025,72.30325274274799,1748.9035904131256,25.827367344079523,424975.9551679072
2,128.83103358222903,73.17684530831342,2056.1255679668484,10.005349354604238,458896.8528936667
3,165.00726618714185,72.57867120370376,1339.2689649262516,60.80627405241652,366660.9904473498
4,197.03090914958773,67.57445091361646,1845.1527619886742,81.67583848035703,429862.3846954504
5,214.04995989417583,69.96870481910865,2252.497669681715,26.616052372627248,481490.2730950877
6,166.84336157680048,69.40794922602507,1982.81594680947,11.756110642288004,451580.17568040994
7,179.91902809026845,67.33458434114196,2166.5810861620175,21.71717149147753,471383.54947606183
8,125.93435698860638,71.14424155540134,1501.0910296629881,96.5851092716056,383637.8316934421
9,283.08818761167197,70.62897307247889,1335.6129103862534,60.41039179064708,371467.5328531625
10,164.14092953650044,69.96927307182037,1834.386740850331,44.70994764753519,431091.89248499536
11,292.5523197380387,67.58235765730801,1129.411824813026,33.66977978524052,344974.4288047677
12,298.5645188553766,75.28612774391706,1410.9363835058011,38.69803412333934,384818.22105523845
13,102.71225598915292,67.31031191682466,2257.420659293248,77.26405916683765,473445.74990938074
14,266.2489373638729,75.42395439553167,1643.1381070399912,40.09968908119549,412852.29155521083
15,176.64911032170048,75.54688775248205,2239.523602575725,59.39355458618375,475458.8499558621
16,134.43702003792805,68.32363995547479,1068.5835191057308,46.948450971523314,327658.966960777
17,150.05263163940802,70.92299844809706,1366.9641754718455,18.593958737795862,374150.34411538945
18,293.2312270877841,68.82527995331898,1975.8329371115997,97.68752674319644,448090.14711103024
19,136.17971747567444,72.83739291108913,1285.2601142269452,61.667742460716596,358188.7016786124
20,188.0589274322714,74.58110218837884,2274.1613875536887,47.697980998828925,480701.2560271294
21,123.89712996334762,68.4062200751202,1496.4763244046371,56.21918721891321,386954.47928161616
22,226.97276428127049,69.39892154276885,1671.0362127278822,95.06022763756866,408870.9579009496
23,120.96050106516196,73.60064759058473,1498.2519297632648,81.00608005730598,384712.0888540342
24,242.55804155482608,69.10786613501887,1366.280702596938,59.8609762762365,373585.35494551033
25,160.99995903029907,69.0808150903833,1242.7652895087815,36.976597580655834,355303.4929603444
26,185.77483933151439,73.34235170513641,1834.2494181791317,93.79862792664001,427006.67433283053
27,255.86361128966996,67.19617968693905,2080.620052210913,87.35665414893924,458783.04395916
28,157.27684264254842,69.79901831085995,2113.980093587107,27.30358947450966,464355.97337583645
29,139.26772873650737,67.29163452287503,1414.4840586553712,44.87102066168949,377628.7642186725
30,295.25355219130245,75.51880452012902,1125.239021355237,43.29927596208458,343632.31951639225
31,197.29049427344123,70.09194889000833,1377.0353885839743,22.574596464207737,376760.3130000129
32,240.60153990630286,67.67019029462799,1390.1982521187042,49.110553863792525,377790.68880600424
33,121.35564340604034,73.10173471830703,1176.4152754750019,65.01354540358525,341824.10566265637
34,262.56768717101113,70.94251398936342,2156.1360757592047,32.535638738764376,472872.3442510114
35,245.2327422740407,70.06607031256888,2130.7016725298054,32.24847476833058,469240.4109420395
36,164.72694538892296,67.03724276146893,2156.0123624432226,11.539530891480767,470717.7837278626
37,241.5230285366677,69.93365515959619,1227.5380678526858,59.11217178479267,354176.187687359
38,209.04315932835036,73.25296413637064,2088.1624596021998,30.33676988579115,463145.237381692
39,158.8122533395566,67.51065657971222,1322.975359047929,66.74922111270182,363568.5219906145
40,297.351371959721,68.85066303997085,1589.1772184671981,34.133168237453305,408358.9028329806
41,166.32981303994254,72.56197139920648,1758.2141836072635,72.16183563197939,419405.67002212215
42,238.34330515254652,70.72760297214931,1413.3735647117314,59.39989264273502,379816.9912043111
43,102.31100060827576,74.51195136396088,2129.693341990378,10.105638588837607,466399.64733980736
44,297.4866434134658,69.53707052224854,1190.3917777588636,49.94263188601978,352707.1102062008
45,190.16440253215688,75.51491332571294,1323.0638878469683,33.962654153761086,368000.82927674684
46,160.80982702243142,70.11647524153211,2439.359829239972,25.619914648451424,499060.22996025934
47,120.49883298641419,74.27931315266362,2352.2236214720288,14.487729643723759,490089.26112536225
48,227.37881589178858,70.39233495601833,1887.9048153296717,48.06460287605339,439497.9590637607
49,183.61003855853158,74.83196813571703,1473.2923637069719,47.74594874050269,386658.77376266575
50,264.5073573807375,71.51548599509017,1654.7987569877205,98.41943909695443,408395.672509198
51,104.90201414466289,70.71921749185947,1042.5404860057797,41.08370554881473,323512.97110117355
52,276.6413405027602,75.52160054979237,2175.939563458932,33.267317142495614,475751.04838488164
53,200.3264852531225,74.18821829787773,1892.9161681583937,81.33929334379997,435666.1079483794
54,284.664465626734,73.16197827528953,2273.4510444639805,77.7325713996708,482205.2634793618
55,279.3844593882852,70.87783770068808,1719.1530654443914,23.660561483298906,424503.8355677937
56,188.6032675425534,68.7302225373861,1413.5858309717735,66.28823563138141,377019.91852499265
57,161.1909136236274,74.98355151055682,2202.3623245327562,90.71088951296909,467852.75223965256
58,170.7871207041066,74.67137275526446,1727.1509639318679,72.72341334626617,415767.7294851752
59,171.15416945732878,68.38934856539643,2295.710888866663,89.9713425640628,478121.1868378199
60,250.24340006302032,74.02241981144579,2301.8647543550596,10.70435641737289,490005.2158529687
61,262.9161528194745,71.23782492128396,1461.783393888168,42.501413141249095,389167.75027942774
62,281.8563985519568,72.92076944062299,1016.9671656824017,36.432526953527,326819.11993353936
63,289.8425810031099,71.04547040816354,1718.2509101472447,43.78516629929721,422998.706666916
64,178.68052100715536,72.6930235809521,1016.9640729809952,82.41089533564916,317512.8647047584
65,197.68781335720658,72.73090834682898,2095.7424195846534,54.084029775867414,461163.1868488689
66,226.8770248859398,74.96182972030014,1994.622464485497,87.89093110535522,447797.5451079443
67,165.8497172957966,74.55078467288965,1635.5511421224983,16.492116262132086,409897.2125966888
68,114.41327397566803,69.52128117247219,1760.2880564844522,55.22572621397568,419843.8399276607
69,241.7260948882419,70.24345761522756,2093.652552123236,68.65518150613778,461400.52801873157
70,216.39308245118104,70.07512259090105,1541.0146736325569,49.85150999089079,396514.40847847797
71,294.1175950552372,72.01164360902511,1080.512561290902,81.08481033103013,332995.27758488426
72,123.63167228564811,71.48440374379864,2102.4368113351798,52.814903551689646,459633.87594518065
73,173.13369515145035,67.71031569028779,1766.5468331026714,98.97427945831356,417934.95964641945
74,151.58239162639126,69.04106603035667,1551.3434244093135,52.38556378137076,395193.3854583425
75,146.2523754301962,74.54364073347124,2444.010264024926,20.808012549383324,499608.6277276995
76,266.04281101136553,75.12670833344683,1905.9858725925887,37.07353336112952,444635.37232508406
77,129.71447659956021,70.45090234866522,2190.9535445144875,24.10941503368047,472257.36708141986
78,288.2804787042122,73.63185258945828,1929.5694549177742,13.725437820792793,450881.20302085613
79,219.6502770219834,69.48782936158356,2354.817278225917,86.07147583924747,486596.8771888673
80,110.95118167315283,68.1227006860638,1533.8722824878632,12.454793169852358,395826.6913153197
81,195.4720003740599,70.1190156530344,1742.4502968277707,50.46483294455277,420682.87521878286
82,220.66574557302712,70.04707831568415,1923.6511176358854,74.70572872077622,440686.90459648956
83,251.40870494939065,69.04327662923968,1804.281662657937,14.23418995289986,434165.68790580885
84,268.3070721575893,70.88068970658168,1917.0724957381267,57.18784618043813,444001.7533935502
85,201.13555272173812,71.1136616411741,2414.705819883389,15.7295625348174,498984.4532494431
86,190.8612388779418,68.34776584496674,1584.8169149150804,82.18918221541064,397845.20883597183
87,221.38914818846803,67.28810150036502,1945.5299594461655,37.34337078654433,446899.4497251037
88,292.8001500503982,67.02177070072781,1186.5749077389278,19.060924266990042,354904.10114803637
89,224.36702788672892,75.21389758906615,2348.550147240241,52.44321899251633,489540.8423450474
90,102.77726422647542,75.54989247892127,1100.3731772051178,55.08056134847319,331044.8695231322
91,164.21399890605457,68.50227412517532,1136.9149288768754,89.7387804297499,334695.1154848231
92,243.22531138972883,72.34443342840969,1146.2151603619245,98.147578221985,338508.8505419513
93,177.30092132619038,69.80174133112617,1366.4890983566302,79.40612460732507,368945.88473385473
94,285.57377581507427,67.02398238112264,1724.6597828563813,75.59037320271167,420343.34789600683
95,269.3428064343241,71.1680080969408,1727.973816208017,32.97677847257076,424105.21062889544
96,137.48621773502558,75.83583117258114,1093.0915310894115,69.34918839149447,329359.89461616916
97,210.4261968890616,73.65133308179286,2027.0916053848377,39.373239085044574,455520.8895447537
98,122.82900213601427,74.35288073737023,2391.506674382345,24.670808112286963,493207.51901529054
99,201.43330264494244,73.04125282038406,1924.8078185660625,45.463344356573444,442933.0609219809
100,296.58900996759485,74.08333900749992,1784.8426896627961,44.18208699819431,431412.31547875854
101,185.92590373136355,71.09836489913752,2115.63405518088,23.532166740929835,465907.0109516464
102,186.9342297359455,74.13222983401724,1514.8819384968115,11.088419474415026,395831.8642880225
103,212.8273320072352,71.90589418360938,1735.9677599814113,82.60136867282111,417443.7151753168
104,216.69812361695713,69.00696532589193,1979.015219247866,14.60201317998007,452775.78200828837
105,202.40479849439646,73.16900865865681,1263.1997900537417,58.19077944787501,357660.98918910517
106,132.8362083801174,68.24299751077139,1301.2163492637387,75.12787309169931,358958.52327959443
107,225.4865540340872,75.6570990289114,1180.3135238389889,81.91362057404142,344361.11055762065
108,291.7601839090469,69.91491904350228,1947.3269127278054,74.41940832089819,447071.7391659745
109,228.90208165782184,75.4154827755404,1556.0531742448998,99.85203725223583,394102.5866971004
110,291.60291884982144,67.46856338287981,2333.9781262647366,34.98790471297143,493141.4410351506
111,103.61152528023653,75.15827168736288,2287.336050411429,85.38236378411256,475904.80848504056
112,238.38685761322043,70.46231617780207,1127.1287508889839,19.010321162337288,343235.7865514285
113,175.58809126832847,70.01466381163554,1438.6310083193903,63.169092128408614,380213.1269062426
114,214.75380267738842,71.88388843335885,1020.2320502282395,76.39031193875385,320036.5882045231
115,215.90458927046296,67.36378243996467,1802.1937772806232,67.5389407464032,426964.5414836517
116,173.00443196543125,74.3129358159003,1101.775442382286,99.96693196530269,328738.66283079784
117,249.66280360702834,70.1592878174435,1177.7865147613686,47.04403909363819,348535.7104426588
118,298.3521033328275,70.50555787677253,1459.1678447823265,72.58393924436143,387825.91477671557
119,210.32029213303503,67.46716676659804,1514.886498087338,54.67121843561959,392380.12941856246
120,194.57963153041618,75.37412867809918,1994.8739619744708,82.95619238779703,446957.4179357094
121,213.27065851306662,73.59131122022035,1380.8041918788751,10.57959714234335,379150.8740786699
122,298.3894873390214,71.5055954152628,1556.9510851313105,36.157913187485356,404148.02757439326
123,135.92963633388027,68.47572830628674,1583.1748893310341,59.43706610996237,398095.7098495993
124,239.39126108101573,74.85825955817947,1650.2860594119586,92.82357735487841,407157.5066696032
125,138.9621499002084,68.3846149023247,1238.5115113994998,45.87575098030538,353145.2491134734
126,138.478237499843,72.5035290485659,1795.993849951472,70.86590181944699,423205.3555674073
127,134.60287903388343,73.54370096253956,2133.511293670281,59.38108991704884,462693.88770331896
128,269.88375210279264,69.0753479614768,1261.7797777385695,92.93795964949243,357165.43277380697
129,136.1156790945088,67.58075713786697,1227.439053397296,55.220481805578515,350543.0901546312
130,264.27185435525064,71.38325285282109,1748.43841714538,98.55367784917172,419820.7820908059
131,231.3658381068692,75.28867526644618,2278.535919205091,51.77332628342537,482583.79148168344
132,122.55745301874708,71.0944507826811,1531.3978258676752,87.70284409546186,388359.0239530643
133,121.37299670073456,67.36677946539851,1887.1703548263963,45.368650903013446,435952.35224901437
134,162.48093277616118,67.33396650948153,1543.2691442908801,41.00371649816372,395609.9385556963
135,187.57476630284276,69.89443764042281,1139.826046191061,45.00248306061095,340394.98343392793
136,287.96247935479136,72.36325387871014,2279.327780398954,49.451904668896915,485807.2579721316
137,168.37368670193274,67.97052218161262,1929.5581435216957,11.148972884030083,445602.76715580357
138,193.3598554766002,72.15781073714635,1012.9333075916297,29.004239905004912,322702.6622723299
139,193.76889562110532,70.89492791424503,1422.1239332257364,46.11528016241555,380380.04424530943
140,206.05283169523358,72.01100255489683,1339.854970828455,25.447232556964224,371759.66391021124
141,290.8648756907345,68.36080911063345,1601.1634182028042,29.95726210932699,409899.77164948615
142,120.67199774654685,74.09264866074867,1077.4966955240407,28.986115897637657,330516.3688031607
143,188.99066985250346,68.46852837906303,1814.5833451858684,98.09858982647205,424330.1530441029
144,225.54569023151782,68.38308512929676,1496.5361957242235,83.63427309967027,387799.9976296825
145,129.00471215161556,73.19027357881336,2238.1998052096383,14.65112147001765,478267.38328361645
146,146.5837630458597,67.51338810935803,1901.1076358853445,33.78717602658048,439391.364485903
147,206.29316200468114,74.90456872691234,1991.1449710206462,92.82434854704914,446023.9769723957
148,174.59469861177212,74.94569044690247,1901.364373051196,84.70615103113582,435354.0621194431
149,126.94699035178978,74.36026211398989,1221.7829962076776,14.828819432245563,353553.1363632914
150,103.67811185345677,71.82169062356672,1696.036534983944,81.21480876405683,409262.79108916625
151,296.7967428048671,74.52822962231619,1219.4023505444006,55.33244003484874,356398.4964068991
152,233.6670605809885,68.07686290471176,1962.9297854109648,30.900081337147785,450089.4662418867
153,283.7099916683232,70.02552173990323,1220.0454798350897,47.34482904053001,356477.441669054
154,297.21151484468743,68.74933451441696,1278.0138481270226,94.80041870503202,360825.60526620655
155,111.23303101729255,71.21364882042542,1815.6325452939643,51.6849425096991,426742.316363237
156,176.2211674883493,70.91247317623176,2132.5471940498055,65.47153060877199,463252.915063335
157,135.92124056452167,73.63852276960816,1246.0466916761804,73.26459770874361,351481.15944544855
158,208.20161730002513,67.23923114334336,2049.33980446449,97.00455471890997,452144.07484176964
159,172.51384572723975,71.00354953745456,1727.739422342424,28.751175526189343,420215.00339402264
160,154.66941195057802,74.25012712682042,2024.1677764175472,43.234532558713994,452781.24339651834
161,149.5690009419219,73.8649458822937,2302.446583719713,61.147889560522366,481045.8151275478
162,257.4876660581672,75.70397535571655,2243.1908322852396,81.34667272996323,477187.31271089823
163,216.26772097877932,74.97688079717682,1301.2370844340496,74.30213273315243,362023.1369704964
164,273.321035402119,74.90262183156409,2260.6117740973314,58.19311032101419,482163.8438871431
165,260.974839095938,74.58323253385461,2388.190711365288,88.06617047778555,491893.60139657126
166,108.6689391057108,67.1460083591449,2342.678232978125,43.68054708173921,485862.9024562238
167,226.5059676841832,67.93669309460674,1249.9942808110882,12.468305650154008,361289.69976594613
168,249.07228082421568,68.9384656041155,1564.3901681860245,82.58628310686245,397775.92860879895
169,221.5119728494003,73.87227149172817,2000.6958706356054,43.81062938414808,452595.50861940003
170,112.21500838982558,75.39404196099436,2101.536702165936,94.0794433320182,455219.48746671574
171,136.3164200320124,71.74111669215992,2432.692159919537,79.10128489052781,492372.58012425224
172,299.4209490274456,75.86821438658762,2422.683015553691,32.60379415149739,503099.4241961101
173,213.64862935542558,73.9431839996619,1556.2545684832523,50.97919817814118,398276.9858180402
174,124.9403881376341,73.1479466139193,1502.2090900387957,27.015022757983946,390665.9167207332
175,192.68753333545607,69.77689723261012,1087.0683901149596,99.0412706173942,327262.12776936014
176,243.71797797254203,67.32743547537031,1076.6347508019353,16.94255085832661,335992.21381444245
177,235.95195327153598,73.40137024344807,1275.2502179901576,13.984256327025586,365216.6094558328
178,145.3613917399395,74.98219161782437,1626.09449104641,51.4862895061544,404618.2048594345
179,239.9060043927358,67.82418776092088,1115.1572222262657,80.30167307509551,335410.6271366036
180,220.9063079119347,70.42146005234345,1439.632101185528,82.85238696774569,380198.51026347245
181,121.26751999802347,72.05402919656754,1064.425899527023,91.18691452165244,322337.6960214769
182,266.4586447563682,69.52279512621908,2387.529689801547,80.13734036436291,492848.9470021734
183,146.11485770159246,68.09380279729034,2339.7032258158697,59.48552156803615,484951.5878452835
184,239.7185239141681,68.64789494610825,1430.037488571793,72.61740671692391,380782.82698725
185,173.87249420815442,73.52896524537651,2133.2449740328693,70.66237697768273,462759.1776193692
186,122.564553595866,68.01112014535671,1756.411958965657,51.91277384679213,419883.5934300027
187,228.60902518683736,71.57089293175407,2449.9595020873567,48.309790579426256,500550.1430459389
188,138.91886172354933,67.67531866444786,1269.4906563771617,97.70964621091761,352418.52925200586
189,180.4806817353919,69.44805932329831,1460.1915842020426,47.070290681437946,384832.2904110537
190,291.82692367245056,75.71815733348828,1210.1308333622762,46.07103574898738,355692.829653914
191,110.81172368707585,69.20309750296795,1470.7700223146985,75.71458330927418,381358.6119997306
192,162.21608161765118,68.85444172662991,2212.0539780935237,46.68977090940522,473223.3324167576
193,243.04769875472928,69.696343332011,1111.7828651842408,10.41014858967839,341990.2216518869
194,249.03555101822127,69.75715431066375,2365.402111915525,20.975498700082774,495520.41613540053
195,141.0809121307986,71.62217106010492,1332.8603312076166,39.02127193818261,367191.3396241255
196,104.11812801557356,70.40755147651267,2446.806875366949,84.7003233508642,492472.2929059106
197,242.73717872155362,72.66258494208638,1288.0036528271191,30.277159329934,365718.09901003056
198,276.57321502617094,72.76511775805336,2301.8214737502335,11.634700697708968,491283.0864965578
199,179.78577240575902,71.84840483005323,1084.1796978307975,68.39722444604229,329393.78510754165
200,178.95552130682313,74.97551580912832,2026.2784969002012,87.90688547477197,449412.7782449347
201,210.69518409038795,67.94965809808289,2370.5673088300023,91.52667772309199,487290.59587911563
202,299.71657226881564,75.09715229923505,2020.1993406464703,42.17592125374641,459040.0844461405
203,136.11906130924882,74.32444126470574,1834.898845200162,37.58879917329101,431059.36487372016
204,178.82371142126289,69.29934839320516,2105.740259757332,93.03203932983762,457663.1320892284
205,218.68271927404373,67.85444677944137,2348.4221608225553,91.97745496492693,485288.19275641127
206,267.83114427361363,67.46309964536506,1816.3135604035938,44.88120959615883,433395.0696967678
207,247.03072997698393,71.39649667883943,2289.3229660165857,98.13262006741772,479843.3248722814
208,219.45405344716028,72.07106207331422,1111.7113484921497,72.24265781593624,334790.52031392994
209,182.24226197104122,72.82578805372549,1432.412843781241,67.80070956503585,379192.9186550173
210,259.6955320254027,67.54353481474986,1638.6669696830427,90.9204597457032,406840.7639509536
211,199.0605989742761,69.36907648846581,1823.6314478193453,79.83576425044994,427608.0984437951
212,236.78709295573825,72.96176044981078,2205.2418310160506,90.97891631047456,471123.9824448269
213,287.70815028717124,73.46810935061417,2016.0766039671853,49.57141076486324,457123.2922736103
214,165.91834972287558,69.25067864924095,1056.2892100365489,67.40252579159142,324686.1325550248
215,105.04756066849679,67.39427897034204,1185.5457411661125,61.73886439939709,343062.26876648434
216,162.50934896000444,69.01108633358817,1446.1908395888634,59.19119363688466,381158.83526879124
217,287.7575061617598,68.81829375093713,2325.493324987232,18.08509162602238,493718.76770400896
218,111.27781408425597,67.98532002817241,2236.9373765602913,49.97013802032341,474158.1762906963
219,286.70255991694324,70.84962597149143,1972.3852070507157,38.44550028489442,453205.29113855143
220,247.1881382878288,71.52411500779613,2237.4357829305486,26.702966212077303,481422.09242368717
221,266.67074400012706,68.3864329361326,1017.3794808721383,35.0619314709552,326141.70652431826
222,235.30935255616836,69.18327358342178,2000.3842744030287,89.37572336402198,448632.8252375705
223,173.22455761841616,74.68065839468251,1195.1446264578447,56.01670116221959,347002.27315971965
224,267.6328698092684,70.28342667132009,1591.6082554817506,29.378526226403093,407472.4002802621
225,215.146013999849,67.7388544470491,1753.7676533610083,59.18322707386089,421969.2644731016
226,277.69191623976576,75.89713934380676,1177.850651676838,98.24107670972732,345012.1380107068
227,221.8907456277105,68.75611661979438,1524.150345385859,86.62643298705629,390928.3688780562
228,286.18948665932095,67.50923023516545,2155.7172436904207,23.35178622823883,474997.9728966964
229,283.9120672075457,73.29293329609735,1080.250616433928,73.7053347219072,333108.5475486336
230,154.32341807285403,75.36061285122537,1938.9203196277804,17.441549225943632,445674.1463365099
231,210.53657811410827,72.35494385417347,1186.5353233467224,97.96177066916388,342999.8244399575
232,275.3469167694618,74.21996827350488,1175.037380618936,88.47049107863506,345419.2108479987
233,189.73899370255816,75.95810098305658,1727.4088578249089,40.598883535174686,419675.49214551446
234,102.84607889899763,68.24937186087595,1877.607641122449,81.21370298158756,430885.2623994763
235,277.0965008299901,73.96286087205343,2148.9951586192888,59.175114897505416,470272.892349587
236,181.86143450968612,75.99750530848807,2226.573285676657,72.93253588762124,472927.4127938815
237,295.14565295556656,67.14520008866742,1099.7172384256296,84.71585555086554,335581.9429823363
238,166.1758277596001,72.23271492557373,1432.1046663024722,97.99480297681671,375596.91113969206
239,233.9332285239856,75.02840001613939,1988.7704704154735,18.87844917811374,454294.1330230271
240,134.87419571089774,73.60432536737594,2378.2284223971133,14.276211767221074,493167.90748038783
241,152.22842688848607,74.25465467622892,1144.5766498496332,59.11696302596411,338549.2531506279
242,170.43470971285993,70.38694457203964,1034.558749953064,72.8653263016077,320918.22034119547
243,185.75666674139507,74.73130618492274,1694.6342261607845,44.32238450792279,415148.07179806416
244,272.4375328644399,69.31429891485543,1605.7873884484957,57.23384317929529,406753.41666316375
245,295.68584049110814,68.49108631475967,2092.90275314306,46.30798270030143,466412.5678113347
246,195.9456664669895,68.37377345350927,1376.2826779589263,91.68058298439414,369746.4180168884
247,249.51154935748576,74.04919430359904,1858.4342541238407,71.75099776545005,434810.10594740603
248,164.70364072060335,67.23184105982851,1924.789146923874,21.920593422567656,443858.7436508797
249,154.94468109771412,74.31967534941204,2093.201140239983,81.22392784614796,456704.8498546908
250,167.80727048200424,70.46043771350786,1798.961602772747,58.86808038192268,425624.1280981228
251,237.61581196947157,68.43338437006838,1525.7919336814607,77.0524171241766,392807.6027302254
252,150.304573052827,72.80891010536534,2057.1363214188896,73.64285297309047,453304.8943987538
253,138.6411529561527,69.68356900412333,2092.82600110391,87.62894540807899,455504.3793762144
254,220.99753807994054,71.47304361379399,1042.0791881400203,58.362469498294104,325521.38191877125
255,287.37970675591396,71.15817761363759,2389.7324385802667,47.32223119418068,497500.0424089719
256,229.78366086939423,68.81497781130506,1546.6554669216912,56.54095796751256,397161.2073490905
257,171.34717824970846,67.83801123008496,2056.6406481905015,62.15683558598123,455014.0076453181
258,153.41619468055546,75.69225794252648,2308.7361551114445,56.51671563332935,482299.90538297576
259,216.3729383763009,68.38367922994551,1786.0831913543152,19.297895155982204,429852.16952619364
260,158.1567420627314,69.30161660957683,1087.6215766432672,90.25482682430427,327000.3662896417
261,253.98682018820534,68.59432172062992,1231.5885179109794,29.45058456997231,358299.5861047903
262,102.26201711820852,75.44088911109952,1792.7316161790034,54.28255082257849,423616.1222383223
263,212.17041969399492,68.79101757959326,1050.2975638172645,26.74944870581346,329523.62844108033
264,150.4439021534658,70.94444387094715,1382.095844868981,27.316085939469403,375357.6982534106
265,253.327786400024,72.61990761003145,2311.0566698157736,17.341186210454946,490454.96328838693
266,252.43654793634792,68.77889650935423,1842.867381252053,45.88407193709353,435639.6476277708
267,209.5786782900665,69.78299676266757,1861.4199664484056,73.16616107630593,433143.2990373825
268,177.30401592220542,71.20203562731427,1954.9483000849189,82.12182615767699,441823.72091031034
269,294.11764169990727,69.51004013183484,1166.0024200274731,52.354007668899385,348684.4114999411
270,255.9518411622533,69.07266217833899,1441.9056331200645,44.864629219341104,385919.13473986916
271,181.9133359363919,72.62373733590884,1730.5389163259756,96.5171404711756,414195.1299891913
272,299.8778257534027,67.5036987314621,1027.3549519913895,97.45677090149778,323410.9319504903
273,151.27416970887816,75.82174610328235,1002.4044458522224,22.09663770561662,320299.56045821396
274,194.81897546293303,71.88293120880606,1261.0095714041113,67.50763914839274,356113.434124684
275,159.2243084273021,68.4074585050884,1414.0230867521618,69.38252332287749,375747.13747999765
276,118.11184641834606,74.09621219304074,1233.5295052664583,93.86756618342727,347200.32678260695
277,149.92817938290062,68.93799577540472,1415.8928212459243,68.11104332421424,375841.66879006644
278,123.6953782963812,67.91339747432333,1395.8629307014025,27.90853898825674,376398.88495845906
279,259.5788660833313,68.73674047200466,2439.8783367241267,88.14082747224336,497061.95659879857
280,102.16964732610607,75.10083782551436,1549.8120923651913,54.370787827836416,393607.4138558494
281,134.3459369370106,73.14368080077193,1787.9700254993381,62.467947242885565,422974.250085643
282,291.50939812784566,75.24579845332784,2382.882597906167,65.0469611580763,495317.88181927387
283,119.16867612514359,70.9985068284222,2043.4524181265392,94.66926042975861,448841.6708053745
284,227.05256229086257,71.17924590559667,1202.17481663451,48.553755624447476,350885.0273656226
285,189.74679187292156,69.92794341693183,1073.823066121223,29.499418018329656,332003.0802097202
286,199.29716680300098,73.56150482819649,1066.3538187120082,47.41816918432171,329485.18789388536
287,233.5046897716488,70.8025374406933,2005.2306029855736,38.749836126639785,454122.65076116624
288,146.04053182731997,70.24173384118998,1392.2738756406588,57.416655036284666,373618.6892754826
289,220.69406829470415,67.0996818270093,2147.234263119448,56.612477635197195,467458.64549978904
290,237.95871145204464,70.81002362207511,1515.3554893677392,57.10728807431838,393472.13919617457
291,114.08104209027053,74.97285764544405,1060.4910280616514,99.79520267440725,320736.5652830748
292,293.4647950669985,74.57918135503336,1461.002395545901,82.16315399257282,386871.2610319505
293,176.8222886700446,72.24380151787136,1195.6063954792492,70.67239809641842,345720.30178912624
294,120.971251247292,67.33519767001891,2354.6167954356083,34.276555905578036,488320.98653793236
295,277.45831667124116,73.05204847076536,1835.7923595564068,53.03527170887745,435468.1229288116
296,282.2352501809844,68.22064844896342,1236.3042911521686,67.04590042149209,356765.8658393473
297,272.2119151862496,71.03171878877458,1080.5980518382084,43.32063599216104,335496.66766330047
298,125.61863589064015,74.71297553440766,1234.3627743904653,88.90098794334513,348000.81074553967
299,219.60171327851035,70.92188116591613,1524.484570392096,19.53525281057233,397534.17795974674
300,102.66047600947064,74.27057792234376,1757.8360748946448,85.95757343963346,416298.84404362633
301,109.27239557966732,75.6580227948433,2264.5021124770997,25.56022775595797,479538.2378078501
302,187.7693483836411,73.41914804864375,1178.2495656382039,16.017255580719606,349000.5985786731
303,146.18923754978005,69.1510763193195,2092.32456838489,38.88423516376905,460484.4775931418
304,176.1089923338372,70.39703883085986,1325.0268053254604,57.68624564060179,365358.3278983153
305,277.7130032929712,72.0797817705435,1276.405519742256,21.815512634139022,366736.37943034543
306,299.3305228764433,72.55477130220959,1806.2039210831551,51.913917819098025,433337.97671022086
307,287.36016478491865,68.79817596226538,1372.1854038111037,74.32798078058504,375329.1368263218
308,125.3479501280814,74.69538796354497,1364.4195862733739,87.5650896632033,366332.21393260674
309,269.16236908901135,75.75784321605587,2407.0481999236167,42.20115103182108,498822.766954115
310,103.21091268596625,71.84699409167837,1482.4242053124408,17.45554593463394,388519.9448932631
311,201.71716589399858,73.41298993277161,2112.819844589476,81.85067868710098,460460.0175581312
312,254.36923907214083,69.50909813882011,1411.4171183215562,40.73948258959668,382179.19661025447
313,144.73364411687854,67.9425805127851,1982.8634719277925,62.75027337093595,445833.59583360265
314,106.1108738939517,67.94329269357974,1162.1256738741279,46.29217509721027,341171.1103397073
315,184.64513042583937,72.41250095168876,1231.8949818593048,18.932074041462535,356381.6015413391
316,206.5741840153933,68.71974593597542,2166.063646482643,95.59182580421985,465057.9329253107
317,172.77697508393055,75.56325950437119,2130.9977604149612,41.60967446580676,465372.2591483082
318,200.84789427422342,70.96754170345217,1991.2892624816564,16.827406497133722,453302.9164679444
319,266.12430953936575,75.43472598696408,1840.2276222561918,98.80271521743838,430866.7474078015
320,276.3028963783293,67.84935446528031,1406.1158871457287,83.09317892205942,378421.0565947618
321,137.8855843439649,73.40857566911214,1255.9931178601207,50.61778972699387,355193.25938331214
322,270.3618785352998,75.658765390768,1308.713229079534,95.04639953549787,363652.6423566194
323,147.36546062857488,71.48347182627818,1923.189622149709,70.32551045094031,438384.1487651458
324,229.69607971170993,69.30119214763808,1572.9479560101008,69.72181768877695,399215.4363315103
325,107.50901898483886,75.39481093614653,1838.4030245068316,28.02124941169626,431732.7039050182
326,210.79045128816014,71.93646415886349,1846.6933589598243,87.24247497591907,430096.93542777706
327,232.10513995749326,70.83118018046939,1166.091549458687,19.76907182927097,348673.459262352
328,146.59015862855298,70.2899889760051,1800.307029190351,27.546607311917434,428216.1763657852
329,126.38085539398267,71.81046506932569,1703.548400912148,51.53388350278388,413642.49905411503
330,293.0665243258817,73.0890060224687,2037.8067656224214,10.34091187828462,463749.31426569825
331,267.6683963503111,74.82518785760884,1315.0748453136248,24.39957857164332,371379.4300958074
332,127.21044706009025,68.23963581836712,2431.0284911560193,72.33700812775479,492597.0790555709
333,187.7462880288979,68.75339267182825,1517.7368060512013,17.088159463927685,395584.3647906756
334,139.04396437306463,75.62298240219559,2343.311824727505,67.17032864456584,484440.64249246556
335,216.53717737305078,70.6692090508093,2126.9466474446504,69.91115977331081,463782.2163143693
336,220.33295392958155,68.71162558219524,1761.0853624012775,59.39298915625844,423064.65787035745
337,137.28679897776928,67.0603281324876,1994.2096146545405,64.0878564982103,446765.8485866448
338,292.2786821091727,74.16447826457932,1305.7678687663924,48.76222091838426,369042.0210038737
339,252.11391079711484,72.88247082580327,2029.6125975046864,57.52065370597342,455927.20045815525
340,203.92198147973795,70.97862325394954,2382.1915714512415,84.9712994971575,488891.92952521145
341,250.54849463336103,74.81391735316781,1542.2184455625315,81.52338122343058,395175.7980087319
342,128.9437810071132,71.50731566969728,1428.2500180409631,16.491246385491046,382045.54700418335
343,157.73933758479347,70.1042599448206,1291.8659938397493,43.114295474986555,361560.15691038466
344,181.0443300927874,71.9256709687118,1840.3019171631188,23.55428658444997,434485.47791596694
345,245.1034346857175,68.85967493525243,1497.8643993146302,88.87012963192154,388380.0553713948
346,204.7037093918525,70.82165343463424,1431.6158290492494,87.49123523881241,377986.40636454226
347,296.528205441101,75.55752349184263,1295.2713019926077,63.39440899037479,366389.303241658
348,145.84581161156206,72.45431963134453,2006.0996496582695,87.43286766936302,446092.09309999045
349,205.54183526423768,67.87008511733242,1592.9090850995676,10.971962139704015,406496.97520423896
350,127.46350796595686,72.06540441639446,1513.8034373554874,76.14926567121884,387360.6199484695
351,158.14115149955933,72.2569556755008,2319.510398688787,45.04421658995888,484678.3663071774
352,165.37781385989166,68.48135011441467,1307.6870660632878,69.80445170892861,361362.1295999274
353,210.7077329579054,67.84882451415501,1587.473182083251,50.055424953354155,402154.8834150431
354,289.5216991173615,70.25394104509341,1694.5968485369647,21.97773015467594,422242.56612657785
355,248.3875882296913,68.68000689307814,1929.9852170101722,21.99015623288358,447920.29636774986
356,271.36937609018617,74.69514422050231,2202.5005931462492,35.237593310243014,478122.46970963984
357,284.22137287718033,71.56841416303651,1610.9008443614016,33.80584064665544,410394.4839517258
358,116.86107355681612,71.70342426456344,2316.5313718347234,66.35081264149127,481116.13781818346
359,193.95844640015304,67.24684233501823,2212.5825570236198,42.0542569522981,474853.44418578414
360,124.92750613052152,73.40658980587727,1370.1177492513607,73.73018430071848,368455.8262541282
361,103.92014768827822,72.18235818899517,1836.8068290788583,37.39939707323789,430508.42785741575
362,252.52941063016505,70.22508072822245,1299.0317393353323,67.973396945263,363993.5691502202
363,114.77171824316096,71.08648558559105,1218.3213033022464,56.494534199706194,348601.25408720464
364,205.70017433744306,75.38156585421972,2021.9067719749694,65.96504037952505,452127.649453157
365,161.09815592503105,74.60728337813478,1348.3351802424952,39.33566832890256,369926.99336863303
366,147.71156895747842,71.78922705241123,2026.3414262586614,72.19815890948843,449922.4942875684
367,216.2457459255847,72.7885108957835,2069.230004371217,12.166194264178266,463151.055197566
368,156.22661384752024,69.32875786882005,2288.00093946188,33.61799518596219,482408.4511674798
369,236.6134853409294,67.4110996633835,1323.6396549982144,59.89221779826226,367414.949740963
370,242.15827739062894,72.32431059068152,1725.5668750571463,75.88049651992579,418186.6232972372
371,197.4580762937577,69.74375400785078,1547.7211995599957,97.35590053627347,391885.40870776295
372,155.7145561494758,72.03167902863902,1457.927919488556,73.59117630591518,381100.98691222677
373,292.27523755538977,69.86901616763777,1086.6121537736972,69.01625703171302,334995.34699576366
374,218.02128882738498,73.36944480719528,1086.8846708476526,81.3021894877523,330066.5918417153
375,144.1150204767277,74.04234557551115,1688.8641448105027,27.266762706939637,414748.3763807863
376,232.0706164440314,70.3551192882568,2249.9216963058207,58.63310265098706,478854.5133671276
377,265.7449919083637,69.55527498528846,2191.2988909368005,42.73425662405001,475821.22384981555
378,262.3155779556917,72.50315151159737,1437.1841860301115,23.155860088185463,387804.67809429805
379,103.95322470018931,69.78339510038191,1775.8656567423388,84.46978079023303,418591.7145109996
380,177.81975637446982,74.15747006151636,1653.1655756849377,55.40754144346347,408643.2669853275
381,176.6420836723495,73.34756976612331,1033.9012406408417,93.20625644755079,319046.38177066145
382,261.29922523792004,73.78582140747139,1672.571931734488,40.348211765186136,416196.84999267175
383,130.97075643241374,73.87090943460622,1928.291753496213,49.44973314810855,440604.90506545024
384,124.69744281993084,68.74504057969197,1050.2547063016195,43.65074036050862,324896.58628521947
385,290.9109886671164,67.86635594518405,1065.9879069999736,36.880208032333485,334905.9485556512
386,104.45736308338054,69.8812061172187,1522.385468858472,65.9862035743108,388922.47625506314
387,244.81932850838638,74.51048942740226,1411.7847028086705,55.543684706343655,380336.2275529608
388,131.99059109765022,72.70982196818127,2283.127957144577,64.92277801868046,478130.3831231397
389,178.97763723749742,68.34408269180217,2337.60695625863,33.75562782435508,488351.02796260366
390,156.70165054905536,67.30824474930407,2044.7872856155107,38.48529687973163,455551.34114188806
391,267.29331098191483,74.95791215235124,1959.3774031379598,76.85270703611775,446888.85633517324
392,201.05372596123334,70.6412670535147,1739.3514960487425,33.07693984542257,422256.1797359276
393,267.1884326902582,72.38828644623274,1419.6004953058164,24.885382788950757,385543.36211920076
394,257.0545648373309,71.1213647419039,1655.528125110219,31.02817613085361,414765.19369942934
395,168.28466674201752,75.64907258382922,1291.556495657665,90.24703154817314,357249.82684003
396,110.89699748619265,73.78824530434449,1582.9222354418353,32.45537071440011,400170.11771108094
397,135.52780541066846,68.60307886587334,1752.121423340267,23.48059896983849,422522.11825746647
398,231.1633821944864,67.4465889465735,1064.502894617197,48.98249124596239,330354.8339307845
399,195.16536147828543,74.44663104724243,1969.938250865543,92.36721694331655,443214.1026946109
400,286.4593014841071,70.18259618524436,1812.7100124710144,88.89277164962148,429670.91583282856
401,156.74499672865466,70.85530696223965,2213.982173656123,16.043167469792643,476309.6133576781
402,293.7506975113722,68.77716049096534,1566.736802748671,25.469244862777813,406153.32651690295
403,181.89426905578642,73.32867590817364,2030.3523295776904,83.77017959363592,450368.19169328525
404,139.29544201477745,68.23724117201441,1212.7660040580724,77.08078031109301,346354.00428625045
405,162.57122166433655,74.91043427109166,1357.8030398506776,16.580248699154183,373528.89633779606
406,190.98291508578478,72.11002347838478,1941.7359984396794,38.564116149936424,445138.8329263864
407,214.08464597360913,68.19687909671664,2186.8672843381996,74.29183060512868,469726.82123267464
408,204.26996904028948,74.66455424107409,1341.501873793224,72.83947925638478,367248.1065212601
409,115.21919284337656,69.57601783133751,1362.5942366596387,71.46361605886253,367382.03647510754
410,113.5028176618426,71.89718874746623,1039.9968832881102,93.95793868845578,318080.4110826328
411,215.35915375084653,69.99025414827472,1838.5598422273538,51.9787563361079,432807.4522048837
412,294.89827263876884,70.9370419919051,2325.5851418683715,75.76458619358868,488455.3506994526
413,231.02591633112817,75.78500554169823,1268.1784384788102,70.26851364657908,358437.9181615568
414,239.97861063569627,74.54959467814943,1042.9272504063301,12.323960656690236,331117.4393214041
415,249.42918042666201,70.2959452351337,1938.886343971251,29.504844287206883,448265.2610032137
416,292.9907075962834,71.14731242874473,2173.703571236513,49.575762582893844,474782.2147536441
417,206.89345866481932,69.65863968934285,2165.5782046825807,50.70134182290469,469472.06157696777
418,253.30330765599288,74.65621363262767,1640.89212848142,12.671332319094954,414607.829647206
419,153.09277611638362,71.03997012692346,1970.105330215472,54.851951645776666,445447.8244716913
420,201.4912647028567,75.89405289885154,1004.8841176484442,57.21595630658031,318989.79775516037
421,291.79242213772125,72.98724398680196,1561.5931556677424,71.98429273242209,400819.70520067215
422,183.3774033145415,75.19025976794967,2308.0233936605964,81.27433411447139,480778.11981869733
423,100.11125124780649,72.64191381211532,1502.163983401078,80.26040770288084,384824.9086956119
424,284.0299242745362,69.65828264879674,1401.6164627754388,51.857327932091884,381358.68943453993
425,189.0490668222049,75.42788110061613,2429.476814954225,78.47067530824556,493858.6544733547
426,176.9291142031532,67.10536138605461,2006.1736558129094,86.11245212215653,447180.9507275288
427,119.08338709913997,67.23524235572619,1461.7365263434122,66.68092660980851,381233.36383200716
428,116.76032600986056,72.07545712392233,1745.4699391727077,87.56501768165363,414936.64690635
429,126.65135434006314,68.30392332634824,2292.0258968058024,99.03306915086836,475509.7792628679
430,271.5847236735905,68.80760084282701,1468.86172644725,27.48184678284074,392026.5086315269
431,197.96360054055003,71.968390821202,1985.6726850216876,95.69728007783844,444754.4047763507
432,121.16517051149272,71.71516537462479,1076.3553015689317,29.57642427137601,330270.62719964964
433,107.02889058980305,70.8368645885958,2122.7644240278196,13.817843974440201,465336.13585450087
434,263.62494483500177,75.11189566077648,1600.5109332551087,74.3170431831065,403982.97276229644
435,229.42215008246595,75.702448599516,1499.5557356133318,37.681110932421056,392992.4675733842
436,282.5157312350033,70.85907828762433,1738.6073294455814,76.86873189162567,421772.20377266884
437,274.5276502975863,68.28284233408066,1038.3552301324312,24.6247344498885,330899.6143394998
438,265.11573378152775,70.57868791624372,2032.1927809014153,85.51912378369865,454093.6248602419
439,147.60198401353898,72.52719255331841,1462.6216372661956,28.1910642358868,385974.094739371
440,133.0628200203615,69.40335710502347,1670.7939114734568,33.1005615560873,411594.0152835364
441,282.9977330760154,72.6188012759863,2039.180303346581,21.296277516718476,462233.4670758143
442,185.91268193894433,69.94360621064115,2133.7140958653017,75.6467687567643,462714.29149877146
443,247.03810839141772,68.87973851046281,1512.2797663024928,38.639571960238754,395322.712453403
444,177.3481067977684,72.20838888597957,2052.7584646655114,48.08509291276004,456228.0273593568
445,175.04416411082076,71.1151737993053,1866.4860064538757,31.5695895202662,436538.33374642633
446,275.30595184341115,75.33231586047238,1214.268879752816,81.52483855635138,351841.6376789533
447,156.52440963955505,69.70187344612657,2263.2577992929664,68.74851394404305,476327.0562319881
448,243.70586459441714,68.07701336489204,1257.8518946240854,13.028680777524087,363163.7559197958
449,103.50777687948671,74.51015691423804,1517.6882558341867,96.98379233867757,385272.4973177089
450,198.0707687145404,69.70709697546117,1904.5557006042536,78.02745449863357,437206.78028486227
451,220.78435783869497,72.45546919979039,1570.4889188967168,65.08070856242225,398992.10025292664
452,202.303528908089,69.19714333578796,2154.295355678548,31.174339338723705,469988.1378767134
453,107.49005886295038,70.20770219877312,1369.1609103858423,79.5514657885426,367311.8307138416
454,207.0270870257795,72.72957190454022,1508.8341355366993,95.92928407744037,387425.5509841627
455,225.4593415272143,74.24327291814431,2419.580245856612,23.087356153637426,499825.1069337834
456,132.52918602774037,70.51653537333696,2000.9466762011084,25.746189755167357,451228.2585569077
457,252.36109918028632,72.01203182333053,1121.4540842805466,51.66454760836758,339850.57063332334
458,112.38286521418586,75.55851136154703,1395.4763773233067,44.45896990110386,374517.58372811956
459,116.19597383632707,73.8742206119097,1560.5465334046194,26.145143818915322,398068.8915457322
460,142.46958453636492,67.15180029764964,1921.0528171947585,50.77594604716737,439888.47658353567
461,248.76820262176545,73.81600629202369,2299.4403864215774,12.342699078365321,489512.3705157547
462,161.7050566840584,71.31139570771673,1434.6323894724696,92.95111100970168,376277.23282681924
463,235.04527894103015,74.78250365088785,1105.068491535752,25.12402571241039,339184.4682906271
464,164.3933542267774,68.45338782866531,2019.4028206197117,75.36548224627637,449317.99064870825
465,203.0689785259363,73.7014477215673,1383.6738017248344,18.204861035258133,378361.6962716651
466,105.6183465685258,67.9740812737135,1069.2553903335754,84.62514810052842,323337.3355240626
467,251.48867433754634,73.48124955940193,1644.4669883686418,62.083584551939104,410057.6051228092
468,271.4608768426773,71.1544157614383,1792.2425434966644,64.72021091457799,428805.0054248914
469,101.78848301025339,71.98613465499089,1971.7515318517399,82.91264284902027,441558.6808617608
470,193.2393633659287,74.93768677737727,2004.9481896418329,56.13296998609389,450692.9578106022
471,166.56549936545227,69.0035514767396,1166.499137346644,42.57729532556043,343844.5011633639
472,216.70328007002655,73.26421556899739,1510.1887953186774,14.07373092191353,396120.4924185064
473,117.03993142994149,68.48880372496251,1940.075534493069,18.089507589438085,444661.86646028043
474,104.27670150134647,73.21930077887596,1848.9644523695047,27.092153608618,432975.26259502146
475,124.98578828587459,72.79825407753195,2069.7792898449115,24.175501407617013,458909.06290647277
476,187.4986710389116,67.00345814790936,1163.9266371807341,16.41088219259442,346775.9797576851
477,252.53181623791065,71.88075989238445,1351.4556982552313,17.863775626728348,376235.86050044134
478,137.10856925016213,70.31510618484234,1589.0590924922476,10.831363325524645,403703.57000542607
479,179.55522105190744,75.44905538938188,2366.870411267477,75.18687722521676,487384.81532526197
480,299.34788660692266,69.91856092515738,2338.7449664012183,60.189051489473115,491626.2005468366
481,157.06790971189554,71.12414629163634,1459.384331685221,41.219002434014556,384531.45229371876
482,161.11247721004318,72.84350866286971,2248.207168908747,26.244948789763647,479113.4969723567
483,193.20764324640822,69.7198169750977,2215.870734165842,57.39455391219301,473682.91858213866
484,274.2315877613021,73.96253864046051,1583.707381074826,93.05560647666206,400562.45630930515
485,112.87267615667878,71.85904228941594,1962.1742214730357,89.34247771133275,440069.4496637256
486,213.2131154510983,75.03054112731989,2368.8258677073673,97.54937915032168,486691.43463249033
487,274.1757783026944,73.59196886094945,1716.4374719041534,19.44396138701306,424329.56880916725
488,103.09958314975974,68.15678927711885,2311.852368139733,10.914076036273,485775.5596494086
489,140.43279154493888,74.17498553762779,1633.4856216592862,30.61459606795228,407459.1303826997
490,172.3407133397132,70.06945742594856,1352.1690121681856,10.78289748521797,373609.52271680377
491,279.81353484255203,74.65282339656036,2336.581265586597,12.734909696237455,495014.40066976
492,208.72036954718868,75.28668868872622,2335.991098812884,78.6227940393611,484963.1038230947
493,230.85730092881371,75.3993568217855,1399.3552414051728,68.15657098834521,376759.879809735
494,289.9000646047171,71.66964989580875,1451.0512953755824,60.58364529512368,387455.0398691979
495,138.92233612852948,72.49266834868843,1078.5769337629654,83.37677665899109,325755.4287021239
496,266.0983438203277,67.35291992348955,2030.5929569729476,25.71132956646238,459855.47858811804
497,171.02340771038786,74.12628613822953,1307.9108808474584,38.95660949713964,364693.65405770385
498,257.4991282060115,74.27819844584313,1652.1379470995262,81.17548485353488,409434.52570636984
499,203.50996221903546,68.75007207358217,1408.2374085960535,72.2664096046733,376294.5084551607
500,233.61777385652803,73.93146024950417,2262.978468036077,53.07290811864761,480899.35449010023
501,240.79955483660538,68.0759008602862,1343.6270989554623,90.34590161886987,367367.492050322
502,232.7254219498447,71.82779204409005,2101.694509220658,15.51407310671869,467136.05273577303
503,154.31157768493344,72.24877640969952,1082.5620526921216,34.56413115231133,331648.2582379214
504,136.11270243383618,70.73972655361455,1790.9985956666778,36.021545060635574,425977.34158318245
505,221.12609527107912,67.19385715222623,1551.8832782884683,98.41703217888237,393278.8865916359
506,184.7090070558285,70.27521024780046,1749.645287928966,81.38032501468983,418083.2163444726
507,224.43523337269858,74.425577542809,1630.214720451812,34.10225286826339,409772.88260710164
508,104.6243860052252,68.3019132736387,1366.9943342351162,38.00121651439041,371049.9765508537
509,138.4116322325727,74.11291782338357,1687.121352460637,94.75637257532912,407692.4921889444
510,182.8827606602162,73.55847506229877,2113.046592410089,59.150564373944405,462009.2965346097
511,158.77627398801212,72.14928272861096,1955.20615128366,77.87369656218524,441660.49479347025
512,246.21646365719886,72.47287248943546,1986.4508231359566,68.23746880188241,449709.34712354856
513,234.24323415466318,75.76249982502749,1412.9502462193698,38.18448832532782,381717.09599198174
514,201.8634153485233,74.40213853163333,1698.4271582548447,89.1447006554855,411796.2292842242
515,199.2403162234703,67.26328473905147,1275.0504884720576,44.21489345151289,360536.5184852185
516,195.0253011925145,70.86018299249542,1042.0303252266465,72.21713705711653,323055.5010920005
517,168.23199843521098,70.45398589358754,1880.8497373805917,28.804158016238002,438245.5941489666
518,282.39486651693863,70.67832359937778,2136.4290514595623,53.765774931225,469702.5881786675
519,162.48939248692142,71.82152016593491,1141.3544913767785,64.00713529182713,337882.94322837936
520,134.89119678073675,73.9287225713759,1120.7198533492158,79.88008997652871,332416.73054153984
521,181.05777967930604,75.5449308036243,1306.9581213804488,79.46986117365923,360917.3996104882
522,100.91437807015755,71.234895506089,1668.6473672693478,39.292101409688854,409982.1739625953
523,153.12496356572927,71.5422704800751,2147.5700646584446,93.48718635571909,461363.16826669243
524,193.07468150525276,69.2976397706489,1867.702309112325,65.73492417212813,433943.52378607274
525,236.39026360655416,67.27245999803571,2277.9215230587515,12.91358824804915,486520.83059211157
526,100.39776057852447,70.69530476055449,2050.6095524998614,25.932109027000436,456029.456438308
527,166.31021122004313,70.0834521776589,1040.4012561998866,32.56913829973986,325680.6319238844
528,285.1430174440262,73.26955256453863,1250.4900975064006,45.270946292188164,361166.46191440814
529,130.77752018409313,71.98170159391519,2249.712283842845,53.018532428865974,475728.94914279104
530,124.22215021365409,74.19037424292385,1858.8527318877204,38.31151757930711,433488.5049754925
531,275.6308870528495,71.05608482346359,1918.4145876231087,31.026632577540774,447146.436028343
532,245.70024567659158,68.1609016514594,1599.554085004487,82.41113818896403,402078.52803478186
533,240.80417399890302,68.69831538993887,1785.262689804343,19.858038153895407,430818.85368000186
534,224.59159492441051,72.45441305505291,2033.7661525641752,24.308928518462686,458363.72315364575
535,222.57823641558878,71.60036416993874,1988.4844954497476,85.51890843903206,447111.72915158997
536,114.62023628941391,68.63330886021706,1140.4552861603063,84.71987833740285,334339.7064971272
537,189.20956665507276,74.02411767511256,2111.2009198003543,64.4929479092504,461517.88486439723
538,106.62452517566233,75.3263810524408,1508.5054782546008,53.20148920021984,388489.74431014876
539,259.5152398885624,67.25895153419376,2115.108459831371,27.905835118239555,468655.94850331085
540,188.2711788470657,73.07572982762865,1037.632429612486,13.1444665066292,327978.9782861312
541,135.23463037418762,73.16773281193721,2346.393631312586,94.08560237114021,481968.04089611326
542,286.8665464316886,73.23151743515939,1730.1336990207574,51.600516430938754,423518.80829237425
543,116.05791844529914,68.27186914528458,2414.6206624611323,81.16225931129425,489770.8492990199
544,296.776418290248,67.37079056576565,1143.6817980882824,40.90964711227196,346639.759605136
545,111.44022071499693,74.8301654622493,2211.2017674437593,26.126154214863718,473837.9610418812
546,228.84698068043343,70.69259705342846,2152.1605468950647,19.310888054328494,472089.9193590886
547,243.11540421652225,69.17382833457671,1022.105948350926,75.81401896009405,321660.94270183466
548,247.32775679482953,67.95296826670254,1437.9142885966753,63.44841624815641,383103.5072180723
549,227.87425556206415,67.54314247380636,1644.461399387814,52.76051089834602,409788.52540039143
550,172.54830827801197,75.83319803050838,1222.9827741990744,91.57637495673254,347508.70306553924
551,139.9484960118977,71.57031420681605,2308.0369605522196,85.74529983808596,478896.55025555205
552,116.31325750646977,70.75021330631901,2198.7119441828213,28.335552872951034,472347.65626629646
553,200.30552545970042,75.71725119093219,2029.3607458281106,79.09777804864783,451447.2995548872
554,154.00879524299793,75.64697626414657,1398.0837505240406,15.50528817016891,378845.6937955529
555,227.82000656790103,68.8885473862578,1878.886861351101,79.4532535052337,435347.2999825061
556,246.83189820890485,72.7057283528904,1136.3584089846786,76.28404727045225,339381.87357360387
557,141.65630811979776,69.38704729061433,1258.7342566367338,12.772483373173941,359395.0957833069
558,138.2729100462811,72.28825267280047,1541.855747012864,79.927479039696,390896.4280711391
559,127.61238006848359,72.32473789366705,1806.530145329189,11.625740625022605,430031.5413251825
560,250.4444197956323,70.24932538136906,2247.384876779814,49.69595837643257,480354.93140998436
561,242.4686809613787,74.16126872404159,1623.1947344694695,42.50496217540413,408902.3484123019
562,236.29728868103845,70.43041019047304,1412.676082596488,30.352841819659798,382498.9649612869
563,205.1136355924475,67.78577346418439,2161.7661969336423,91.7903429324409,464898.78636930435
564,241.57807851964762,75.72677734943795,2030.7006528397383,20.306566894625572,459241.50851976575
565,129.33064198444345,73.19379237140109,1503.1448716499435,72.94575828403592,386352.63927003386
566,104.80668960000776,70.7986342593177,1674.953337853212,96.80990298200373,405141.61927824176
567,269.37798591692047,71.88974460643841,2413.165194970975,98.5604291439996,493844.6769224869
568,250.422214121094,74.96886515778885,1993.015643028031,96.8569155240924,447852.26540289976
569,135.80125949300287,67.5477085507284,1190.410682711526,46.20198975984194,346054.6721212942
570,258.57558259420057,75.6917371856036,2101.978879045826,85.88933514951299,461508.85198845906
571,147.4558343920918,73.2975723948366,1399.5796024294787,54.01675534700788,375013.77077783964
572,106.69966129405006,67.04842081083805,1384.5537682741976,75.61342161776736,369745.8151940528
573,214.23402341903204,69.03320736133522,1834.3670369010695,73.06149457473461,430168.8051428297
574,112.97243002635014,71.78998142909093,2062.2476619703075,19.955059707842082,458195.06261971255
575,200.7234965951319,73.73914969978651,1607.7383579764746,46.04569449721892,404757.5864823838
576,192.21765431454378,74.50761370472344,2068.3323345753815,41.81271141102741,459152.2231298723
577,222.02311227824578,67.03696509853933,2353.077384490276,32.58426698306188,491791.50240887335
578,261.5528462103669,73.67869781516345,1716.699999292368,21.93018477738473,423440.0174536767
579,298.0865349617802,70.19280114879358,1784.5425475789011,97.27090759371612,426170.8313978143
580,290.41290328203365,71.40259965178127,1413.715287549957,84.90547104115431,380097.75103309564
581,108.08356724058031,70.82775916009692,1508.4748426841302,13.398165819552817,392412.6349296742
582,267.6431750065109,68.2326153238145,1147.9848531057296,23.80095105237884,347339.0619341103
583,291.92481659960674,68.33182647406841,1549.1116395907586,49.91209814835275,401369.5152935679
584,171.40526306974118,68.9442865509322,2227.08566465848,93.10363756000571,470545.33275274275
585,115.43648340597184,67.19272756384622,1781.6026515789822,90.55232562473475,418901.761229857
586,158.3217904591362,70.18375930397103,2020.1156702924484,47.243876762845844,452003.40880331356
587,101.82252953749746,72.19704038870913,2298.4648697788143,91.35640212114616,476419.41196043475
588,156.34896808778151,75.50891237919262,1144.1324275431964,30.242900044949824,341481.23582418665
589,239.62329436420552,72.48360916430167,1916.1657130463198,62.37504638515009,441942.8287118726
590,249.0438442150033,74.65042852759584,1057.7279762647215,11.516583769972602,333945.4705870472
591,118.39436897525168,75.05212251872369,2021.7155023882308,71.68726090764915,448706.86345280404
592,282.986869887087,75.18296565793818,1832.4930800705606,48.85529574378369,435824.4787923878
593,132.5436696992971,74.8683991495854,2042.1395341386192,79.9833920820731,450524.40396130236
594,261.14759453592865,67.43259119192695,1353.5869218505898,73.0841851039485,371459.46423227864
595,116.34021873226817,73.21794849777797,2399.178172588635,11.910625735573,495094.94132189464
596,219.86366288526685,72.60526986399194,1405.0996728951977,69.80258709285792,376847.3259419507
597,192.00693198678698,67.78926340713353,2430.4060800593024,36.948471095880635,498100.773215145
598,143.0750241852157,75.67236349120839,1560.318203977125,76.97740792476402,393722.2166619516
599,101.05832797281657,71.25672967644748,1617.6018800817615,81.23945834013608,399479.88479180913
600,277.4432181985669,70.04993212769483,1944.0224334321472,92.84304866005134,444056.31434236886
601,236.59753601667353,75.90663212616461,2332.5156121055065,16.161208884405855,492031.5430339584
602,173.1459288957987,69.21282510521802,1776.455342624158,76.46792229179412,421366.0993957483
603,196.43137120152136,72.87501789344944,1730.4209126646235,60.67675485210567,418280.8134577505
604,205.19570048509732,70.72750728405016,1154.9870022184941,98.53955290338735,338053.0578474556
605,273.3036102278021,67.29230615554107,1728.6958609318774,40.439756554823745,423630.16332423745
606,179.4351683172054,72.55459012921779,1838.6948517063936,36.62380800828702,432950.86001113075
607,229.86319202730127,73.29780624659776,2265.4509713290095,95.88783485490346,476742.44010225066
608,153.370297147653,75.98901902940275,2403.523863165996,64.92057549053894,491320.75891362265
609,105.12874513920696,70.64344968732279,2341.4773035691974,21.39426394132527,487903.35037118936
610,293.1878987866978,72.30306593039248,2343.1352174937288,47.268333614002486,493021.92851327045
611,275.45615556222185,72.80845617283055,1727.2913196254985,32.65310303821248,424403.8826009412
612,272.3448610016459,74.45863204387398,1969.2698683181948,91.27110767394812,446854.98598583357
613,199.7048280829261,71.65936511751656,1896.006434126945,53.47059802850694,438733.1071300095
614,275.25946945629005,70.52851118571584,1824.5631656194341,20.816440337380193,437186.91828379437
615,184.3701714221557,67.61162788901494,2433.3082502901298,92.68926337253731,492590.1021283808
616,267.9384661133476,74.89799978612675,2279.37393011725,26.729124236086133,486973.9001056591
617,167.667189524336,67.60077700230907,1513.7657271989463,11.098522069508462,394937.64207437454
618,202.70295602991504,74.10359842490203,1474.9065128855013,37.42516094666432,388622.9116381132
619,134.47873684120336,71.50985942789542,1343.9278155112142,40.33192907868275,368404.60745264956
620,197.84636262893738,73.06093841792432,1188.555125458699,80.04079703640365,344558.48037943017
621,174.22446793034453,74.82881540550703,2134.8063454096846,69.84760641949556,463035.59056163055
622,219.3329011952481,67.8723968599316,1219.527811916042,15.889537665805758,356256.77047299565
623,149.97108306943431,75.13392860585037,1552.2776606027414,42.18641339990093,396335.07463574247
624,104.45101217702619,72.50462444910252,1670.4780929678234,95.3014292369575,404748.5944718261
625,210.53893430529428,68.52606817411815,2194.707889266573,23.08696640665584,475493.8568555594
626,222.98483218290292,69.35120152501916,1210.9751973572554,77.90250767654797,349056.19357798924
627,113.79386963352356,72.27968125724809,1150.4250108079448,85.81682799881176,335734.68761410826
628,277.5053500914579,69.31766802979688,2097.444242702923,32.395888619596676,467256.54405201075
629,168.97144589168295,67.35794674767949,2389.008724600234,70.30288173029366,489708.6943536089
630,241.56124413263402,67.80605850202902,1675.7282169643415,74.64239045136138,412138.5158786483
631,157.0573954365877,70.83575502323573,1822.6530075065807,99.34340408552058,424080.1033884803
632,101.68561683136276,75.75846058395754,1585.719816704982,78.2549552040662,395814.394528033
633,160.8003507950208,73.85493593307308,2337.934917047507,17.236366864694396,489458.1359232906
634,158.35661359512125,71.78406022233014,1981.3749897492369,83.18650767533435,444093.0682744318
635,255.33609492213475,68.1347406109069,1572.0307616342648,37.0157553891071,403568.61810922436
636,250.30251420811783,75.84569312741476,1551.8254642301897,39.954508717714035,400521.2513221326
637,245.81525053325294,68.56201226794852,1803.83485564506,68.90376140609354,428417.4021659173
638,123.21079687247646,67.40602994924924,1877.6890683444642,57.5671215924842,433687.6783848567
639,141.0612516224487,72.06953449776148,1011.6463385646557,47.032665621230464,318963.940975366
640,208.35581474812275,70.23660433454098,1258.512585215791,70.437144878315,355997.833911541
641,137.99627103094215,74.2725748927364,1344.641527505507,33.95570722834405,369257.52097160975
642,168.28172008389606,71.91323752709856,2079.1762926097745,32.077126625717725,460428.4474918347
643,196.05697001723334,72.49179236844977,2322.3242954014268,86.16465458985233,482247.40570776555
644,250.24251933677922,75.23937594834649,2133.2794401456226,27.54954601750359,470287.1837510353
645,201.9034509549336,73.94768207830425,1026.6982885324715,12.010628037420489,326915.0050442282
646,288.71424461725604,73.5094329344316,1860.7465024986627,38.883498884833735,440439.06639880396
647,268.5757339598656,73.8667515121938,1449.146045037212,43.47568399104557,387727.39721638116
648,250.64063815891927,72.11793156317187,1378.9015480636135,49.131670974398155,376794.74032912496
649,240.94249912946708,71.12545440725422,2377.9755354633926,67.98488956541503,491786.0241001442
650,258.798915042252,70.8285248314578,1322.2339824737146,42.81805369993823,370043.6056691344
651,270.8324709974322,67.35739359797303,1022.3051500769667,94.10678515686948,321287.7370943329
652,232.9254951756315,70.79308230755346,1710.4458684858664,20.61171724700273,421363.99045595404
653,110.34377732000371,67.06061183344428,2437.8334566579233,70.46423480703899,493065.75603445026
654,156.68167426353452,74.99527584718506,1894.5435733299405,77.0389038462333,434730.4108526464
655,274.0478638537041,68.54984107472802,1785.6928862282575,31.298619981192132,431447.66743471083
656,247.84926293908507,72.24223295548501,2281.1196247379376,81.16058290008274,480706.86625841237
657,110.23541453367554,68.79120232228435,1089.62422731474,14.224419615514758,333542.2871299967
658,143.17944048580642,69.16362903403441,1522.1644694466174,82.37961896055198,388222.680057852
659,127.07217308995817,73.11623760085571,2094.596026264514,19.438120999276748,462177.33127943607
660,182.11752913691038,74.5099734222504,1289.5927177838782,93.34426978638108,357140.7636136687
661,245.06529546836217,69.42866867454612,2217.7570810273724,14.848535363155113,480366.9475744121
662,286.32644476662773,74.11706927798498,2156.4224130131743,32.76456881406365,474216.63593989844
663,204.21768196602403,70.71255085256718,1621.3253955970054,61.71686662459208,405023.1387271556
664,113.04340488333509,67.73763996178135,2361.65121961347,37.155521377270134,488585.20961398334
665,154.69134820761073,67.15325023190346,1318.8959597361966,73.6440296289567,362186.9650999411
666,293.1434462863015,69.05071239170825,1507.5423458103776,48.89003845947285,396185.1380134994
667,185.0614844096663,70.89277929192981,1165.1031795006807,56.633120616663085,342915.9929600308
668,273.3869503786304,73.46844011830055,1143.1661883291083,97.64563450378411,339673.3722169917
669,295.410784911734,73.78793788509353,2254.3653993181006,31.33815272091931,485404.469039617
670,227.751384897121,71.7093070713158,2312.0592872147554,61.912260433830866,484908.089953338
671,281.77322046817557,72.47882582422473,1167.6083841433347,93.80698587280148,344136.5178564655
672,228.1986797403344,67.15361709367825,1641.981171476023,46.192252890487914,410141.03703837696
673,140.40251636304492,73.20597181320606,1200.8634603697521,65.28053106815781,345874.5021171685
674,287.4975051157073,70.81322550234647,1023.5725281908326,91.4125748187103,322719.37493539415
675,219.5495855024099,75.42942182647545,1652.6624996909973,76.00560916129551,408212.5728668587
676,139.08589634403958,74.77196454477308,1787.182325299049,82.56292084851123,421036.7536557085
677,149.80352182123937,68.94149256398669,2256.186749070902,74.20307791905208,474823.2024309102
678,216.13565236878208,71.17708901778913,2042.6547133377305,91.21607890393028,452347.6395478827
679,131.63111523062202,74.25868537449504,1870.8818439348802,59.17769843594338,433018.1651162038
680,226.5464922460228,68.84189377393338,1075.9520110424473,95.71352543703281,327296.53760623425
681,194.20923903668015,73.66524895059968,2377.345159515446,95.79727998364301,486959.17515565804
682,219.90359044394984,67.7890991917584,2329.2982396017615,84.25875778541085,484110.4613553554
683,159.84098327688923,67.13035581477443,1598.7026708681365,95.37188194054696,397195.7586410459
684,156.49275910243702,70.59476569608395,2032.6807908342678,74.99439000023153,450610.7031539395
685,204.78938747955323,71.26982155387655,1534.6486698480708,50.24068353173091,395180.20003480534
686,198.1570437731261,68.56991820740092,1282.8536565421177,46.77517278618288,361353.751708553
687,202.90000007910606,73.52344698496071,2339.4595417295104,86.85650225538804,484252.6288514632
688,201.7278736920065,72.34628165548357,1627.5071863322428,70.6505051586415,404827.693393283
689,202.34852336394601,74.75030212924945,2163.2457530272313,45.02965521719703,469645.5703547064
690,283.2358899869563,70.31414552877705,1605.04387773615,89.56181314244013,404069.3744004431
691,208.1902749129268,69.14705473411492,2212.2447574057746,13.002114909976516,478284.7115561398
692,119.54719195018251,75.41749847432655,1786.549674475919,77.41820138172764,420971.70254320785
693,291.31116949823206,67.58040532829088,2314.1599703401207,16.967366853190562,492835.82933732175
694,280.6996256325791,72.19341282870582,2233.4303764545293,15.952616169934,483834.7502509393
695,179.0877184497965,72.19027682367626,1439.9223059783692,48.64544694384602,381968.54803642794
696,296.5361985841314,69.47502016969456,2177.8774380104496,69.59326124555861,473444.16183743614
697,107.81612560285862,74.68829729358367,2163.659947809804,38.16114201761927,467437.79327682
698,203.38491615999737,75.49465992763464,1571.8081803259392,53.538708500837785,399595.01532237977
699,266.51007907852147,70.99051338096218,2187.14305540032,99.01006156732656,469856.93828484113
700,175.78338906909,71.88955397576508,2062.765149045833,38.526563030033586,458228.66293542203
701,176.86768459109533,67.70907410374572,1664.7928739288668,40.43793166158579,411467.0541454692
702,260.63568358077714,74.54954289071489,2085.6163013771597,67.02383937521344,461668.21481414745
703,125.00790886121169,69.8237826277155,1860.1217024627344,64.85837865712205,430984.730847661
704,167.74602877745156,73.55707505642323,2292.908521151653,98.01942358565373,476965.46948377544
705,185.0762158373052,73.77630162362456,1778.5741906456751,80.78145314216141,421665.58338944556
706,230.96856838560274,75.95195685948826,2297.0207481914886,42.76880922124694,485413.02336706605
707,291.4882086740363,69.55719522647438,1271.9829494998794,91.66000814985495,359955.64178487315
708,156.42839950433284,73.54864515635246,1789.5846152744102,27.916936618263684,427233.5271359352
709,233.84491597039096,75.22041720411023,2243.351542224652,90.8788118199578,475094.26671225025
710,164.86152965195487,74.86934529457017,1445.7171551227275,83.53194134685712,378821.84827006015
711,168.32452621179772,69.4208195999081,2047.0975037262763,97.16090386870799,450399.0022891508
712,105.34632397687038,68.86912193305584,2449.312897575117,99.88681046252593,491234.67339216475
713,160.78424588601138,68.35158126460166,1577.4418178003239,10.043215069689,402994.42747003696
714,247.19159762771187,74.96936981447465,1154.6123536564276,18.538451486050306,347859.81195032364
715,164.35282085190175,67.15467154127121,1914.4717844128245,56.287591498504135,439256.19926896
716,208.9490583686389,75.19043240494818,1561.8055327497655,97.29079195014064,394215.1926466374
717,192.3582800551159,75.68274998024538,2237.468820821759,66.25932888031447,475141.0954206825
718,109.13873813462875,74.37339098298752,1673.4724655327307,79.00348592168541,406850.31391387834
719,291.322462288422,72.02795855606851,1056.8198354147082,65.56379901876211,330712.27648328093
720,187.8828821742527,71.74976276020061,1171.5848143719809,72.35894964668523,342429.50032900315
721,266.02633226555486,68.17085269323503,1209.3369224077276,77.3141318210441,350969.85072515626
722,133.3596624055035,74.18365904150549,1031.5354833956135,75.04773943357957,319139.3112611155
723,201.47933059155324,71.63408693093567,1584.5919771682034,13.925759628405462,405024.23766379134
724,183.20451946317678,70.43262628789184,2015.005677321445,83.97702570255751,448645.24093969166
725,107.64404823665927,74.68017945900775,1348.9093713400064,64.49236168850416,366079.5454070485
726,223.43375334355477,73.3242803925356,2352.9799807782138,40.75380053758769,491098.30040089716
727,135.63299215206672,74.66723737816596,1869.5512278715466,33.62589464641856,435503.6231414419
728,263.11024067631496,69.08277128277572,1708.4836059224585,95.81130087000436,415159.9882115023
729,296.8281661808526,71.77031647210613,1303.9205935930333,26.75501182860151,371206.83559026837
730,234.56700211808618,70.44555629840424,1891.2004671570082,87.90162035125971,436269.13649629283
731,296.50128681849225,74.06349557059896,1866.578413402584,60.07627216840454,439483.7003432905
732,283.05532419989663,71.72155844971478,1747.8560252708694,19.755570708350707,428582.9822382592
733,125.00992217808542,70.42255162044535,1789.6161828415811,27.490549597821246,426364.0064365545
734,115.26631578036867,69.9151058871118,1698.7919902218196,69.1639805619628,411027.8531536439
735,126.36696895591837,75.29118106495181,1965.243371488943,23.1708943368605,447326.9745405562
736,126.0596529070847,75.01834310093625,2019.932175251471,76.49776660538063,448217.5491084814
737,265.3277896114835,72.70658440132594,1725.9443414418174,27.510127481455047,424200.7690386758
738,111.44281314459761,74.51025510811839,1933.0515092270098,22.592132410320097,443343.2649322534
739,189.08404180111387,70.36785299078488,2088.534420878933,90.87759048348734,456369.2778392209
740,101.68624919263371,69.95852852808521,1163.988260319617,68.39398902375872,339186.74862221425
741,151.95864936877805,72.88301972775086,1108.2052197572814,67.13544826562905,332266.51295781246
742,236.22603864208202,67.15059871794861,2006.4320946664825,96.78747167013123,448603.5648291875
743,174.83807849244886,70.0978295823801,2428.23070614579,47.504183551529316,496226.36911524646
744,292.3327596217359,68.74584159233014,2233.496636571208,40.599589309848355,482033.9130787451
745,207.0888917909689,74.00253574829173,1138.3800475360467,53.42106932729079,340156.65122634656
746,157.58941565535696,70.99975792885462,2419.404889306152,12.064134653173383,498266.2379814325
747,155.30516259372186,69.01457364013592,2316.3068788836545,61.10430097162787,482631.44279231346
748,214.61560570047004,71.481797116593,1429.710289283788,32.776723250587665,383571.23268759716
749,119.45974348618302,68.12798183425777,2345.5330687944693,90.87364668126266,481744.22228223254
750,286.9121288312076,75.75632937632074,1976.7165193215646,46.22751953695592,452987.6632023014
751,188.29119776981824,70.68634377044934,2399.12200915145,18.2140048181411,496631.65941447305
752,280.68297617064957,70.42668078123071,2052.583312307187,50.638648031607424,460670.9647452303
753,260.1501056064125,67.90172745708436,1096.7883857820013,42.37308705908461,337392.3292664959
754,279.06412576869343,74.25202165517945,1608.5895790197778,28.231764559318997,410392.0574701156
755,117.65501540765851,70.83028683257015,1918.3000913623314,27.783097072874842,441239.13277908583
756,282.1810027241977,68.80655107145164,2125.8956225999527,24.812917090152393,471387.1168631738
757,231.98063368974138,72.71729056099241,1235.43299088995,44.29567850748454,356353.90617453796
758,209.12451067795712,70.58888955375583,1885.4208078509964,33.055290183876124,439900.5546276553
759,153.23066578884828,67.8025093048217,1064.4664541657162,17.264582580790133,330497.14466044237
760,127.66429679912478,67.90670282697836,1227.0823139342915,24.010339915021177,353361.8541453037
761,294.0745087920852,73.6388640710894,1133.227232960866,44.90426717258643,344584.30006583635
762,210.47617410016457,74.55880758236606,1438.7423002054313,33.01645683671608,384605.3846990221
763,222.15797283140597,72.48059063793467,2095.908426035413,69.90883917282937,460639.68905879394
764,228.8871900089102,69.54661874848385,1143.1075278533735,72.90348921029295,339839.766351839
765,120.3883236264763,75.32301302334915,1179.5773600292366,61.06020551030003,342679.0650848186
766,283.3885054730671,72.30859675991354,2195.5068049956117,37.21625013623832,477817.14164164616
767,224.82604923764347,68.5465483401589,2319.635033733182,88.10231858311988,482945.3773197916
768,294.57163274055273,73.44110245556006,2365.726876104223,68.6838515360673,493343.1864286818
769,108.97459692276614,70.96301728968015,1484.5908376562695,29.710231585284006,387703.95306001435
770,110.79887049891882,70.72696184765225,1419.8967543443653,75.08009149291867,374685.8086837952
771,112.53109518087969,68.10250426063925,2151.8381931248605,79.85121993105564,462064.7028842446
772,179.47010211390963,70.43850510914382,1183.0441911824082,99.45847141050672,341109.2340703372
773,180.76551891357525,68.7441660822064,1591.4110092071178,56.661973150408734,400835.88692688214
774,157.36951083733953,74.51474505229,2233.042355403564,31.975968684392168,476827.5203692845
775,277.71003500411564,69.46391174328681,2183.1873710549744,90.83891581831222,470833.26783513196
776,173.4332720073033,73.08092270867395,2430.984531838562,69.47688318703624,494313.80694333813
777,212.6481421877391,75.79078024716182,2082.0203933819266,72.22866700530315,458496.80494867405
778,286.3941309670839,75.76613168577887,1924.0450798901193,24.604120006642482,449082.28639107815
779,204.58912790860347,72.50990534795838,2322.7811620373604,49.9970442999342,486217.8395073792
780,224.9150988021371,68.84759738244836,1490.931820881404,17.690381913751754,393573.1915258885
781,145.51341766178018,70.64556241639383,1054.7414426200528,95.29446772870806,321062.98381238605
782,276.1966950118575,71.16600907301178,1703.0577879668654,31.88114313855742,421552.9583228665
783,145.48242183827105,72.50040838354548,2118.4163028736716,24.115188367164343,464828.0174658853
784,197.92427627061528,73.31008237666158,1041.2163797925982,43.16045928558735,325943.3055031457
785,148.53380804459846,75.99682587641314,1904.5959994407926,40.88357029301083,439234.60651038605
786,266.8811247391405,72.28188219799284,1799.0760905341078,99.3385780246144,425956.00505484076
787,239.5146492994195,74.39738932880137,1285.231654710201,84.69846342893885,359802.4909055782
788,236.6762431827976,75.92574831050197,2116.639924839348,64.0991203106392,464194.1797816478
789,242.19472262137202,71.2945236616116,1429.031285095436,15.81465375066625,386417.8494789803
790,264.41637177941,71.05244871840915,1464.570990890657,27.36497655946104,391111.1356486257
791,204.44989254782433,69.55499483496267,2214.2141201095737,15.545297441285447,478093.84191141045
792,199.16437165147653,74.9103856260092,2133.0668025486752,32.26289539335432,467498.5606711591
793,288.00446875337286,72.69321906280922,1445.9352349749465,17.544981921672274,390938.45280857926
794,296.33612327917723,73.42521338445441,1552.3891907510483,55.85428861487457,401511.52471869654
795,202.68194648563855,70.74036237333554,1530.0500121929745,30.0742202704433,396492.9011345233
796,277.0204712602563,67.75029397567125,1977.8891745822054,72.33995985773268,449897.6791438665
797,146.863793497388,73.70215476775151,2133.5402137687206,49.57096610173274,464014.9367919284
798,281.0211661647561,74.58184419146652,1880.1096463390368,34.34400391690341,442719.4238211584
799,180.98417091333488,67.57895152380793,1926.6634670734343,21.76663556023871,444655.71366526396
800,218.87132835923114,71.51297960976261,2291.4911833651327,35.99849465245914,484912.35705904075
801,170.07088569190745,67.4179816367165,1485.7809279147887,58.74030036552641,386655.16877278045
802,215.3189359293105,74.81091074627922,1136.878432844438,71.78010056939311,338470.2516967629
803,238.61201487895804,75.94533403701863,1826.154078731458,15.170858399974579,436104.63198167225
804,252.88375744369935,72.17074501544181,1842.7832279719248,34.275051187989334,436835.5686918261
805,159.4125968845231,68.55632338914012,1616.1114636747288,36.337145741185886,405231.19093547895
806,208.95699638924316,69.10316532529154,1585.1319664385614,90.25895211209722,397817.2768148625
807,134.05711286709845,69.38352473659938,1016.1162345899918,12.091523376868544,322911.7023452771
808,250.7510484123992,68.90503079618577,1864.7138825370585,98.45974102730538,432910.7023194507
809,228.56668383370652,73.50920557144768,2278.875587265512,44.24301786162182,483218.6496766482
810,261.4812380588912,69.1227516193614,1953.8834309556623,46.242296418810525,448927.0656126397
811,132.76772622135326,69.23111993034217,1074.9084353278477,20.803627178576253,331186.37732305616
812,152.67839180963375,67.06983842646241,1449.5883913946914,10.498627550233024,386100.545969694
813,255.06018758622758,70.32970575431472,2203.4255093583793,14.298884749822026,479392.59056145314
814,250.66327418319923,75.97299220091725,2215.847708283481,66.79682644479325,475362.44618018885
815,184.45554178243287,69.33793521651539,2153.6018002394567,11.957086771971069,471126.38228012115
816,298.9271683597634,72.97184182440506,2418.4784197600866,88.54409198263225,497071.7211345414
817,239.63964299791448,72.13845099415008,1604.2788521365696,31.003427293940664,407509.0175072169
818,261.8892549476199,68.53236315235102,1121.8195120767684,87.39981865569483,336823.00978161587
819,291.07258001884895,68.56908532173581,1923.1754860752703,17.25618582667188,449907.9087626799
820,105.03481625839687,68.58924409210508,1240.8870218125787,53.21226012399689,351933.5074462397
821,234.3833655111283,72.40934823607859,1330.0440939109617,26.842517009889715,371518.7458896439
822,277.90516462654375,67.4294332575737,1764.2011185664642,96.87172582518274,422584.2766164092
823,238.65073647813838,68.84390957756445,1282.3628640124346,29.875298805622016,364729.24475101795
824,161.65139948265056,72.35993776023479,2226.6448773528655,91.26470230082664,470389.5654777924
825,136.34186224096092,71.5737779224885,1223.5114241820752,87.43660902532396,346833.8123026866
826,117.95296990337394,71.24263448535262,1112.597417104918,13.56246680357342,337300.88738917274
827,232.55580319621365,70.08467802538306,1073.0699364178643,76.19721624836887,329073.44399188156
828,246.65968149662473,71.63073771603291,2208.034984508603,64.33891135692276,474525.26877874904
829,266.866784497348,72.65331040680294,1851.2715899200157,95.5883265037308,432493.48424259474
830,106.40463228280844,70.41424019054692,1352.2720514354423,82.87114615400321,364652.4313986317
831,279.4866936592664,67.70533731061975,2170.285946472457,90.7455822989233,469528.9840224071
832,188.65072724652512,72.62678771010243,1011.2738729973131,28.105367895132282,322353.3194434171
833,140.9024032428456,67.7318948928333,1548.8280517217704,34.69613564570558,396296.88681886456
834,183.2553821253262,72.09492658892134,1369.3214285374074,67.91583364910555,370707.3555422279
835,272.847887007514,75.50109251580261,1968.7714207555105,35.60997164878637,452346.6229863551
836,228.9037466473761,69.482159838348,1524.077355063163,37.80481004783361,396075.6808363095
837,120.82733974987754,75.948833882127,2010.4701173892481,25.921317054677118,452041.4704216267
838,284.67957411331184,75.5439232871706,1880.998007555147,52.52351030277989,441239.56902648794
839,254.56860993657847,74.60625077101194,2420.315288997189,28.90752129885914,500725.24172154337
840,127.01699708132826,70.71179441497296,2310.0678681151417,62.738392547439496,481033.62454129115
841,132.11996887660746,74.69418171134319,1426.9832698783523,56.35876738681995,378044.3268584374
842,280.3202719077258,75.20118065944892,1005.2230512965416,72.77738594630179,321294.29097430455
843,296.8679773823685,75.891919057662,1255.524148171338,13.741958486616893,365713.8572736005
844,152.84664487735654,71.59711546271096,1344.6548808953455,29.612800610465897,370094.4637194187
845,149.85004085636933,74.33646714079397,1926.8145990225091,37.20421720916017,442182.31322648854
846,244.57586255103573,74.64729361223692,2274.278549649951,23.618122697475407,485543.33650763374
847,163.84816022130698,73.95286150866283,2325.8437262950197,47.01240485024666,485347.14613258076
848,298.4317568653162,75.17964017875977,1563.0635269851766,31.998216625468512,405379.7747954715
849,240.07551737947082,74.25398989102445,1223.9251083173294,87.54134557857166,350814.61548885424
850,286.4305531344885,73.86904438656181,2102.109663616815,67.48588214005721,464845.06965916225
851,253.1628177366222,70.85736400600926,2180.6233496496034,31.31361130368326,475160.1630922377
852,120.0266233183566,72.64440896702246,1977.2442126724009,39.47013431177573,446894.17572572915
853,184.08242582064503,73.71078251393817,1773.2665224695024,62.07778239653822,422844.55903060315
854,241.44543692361108,72.06420576999174,1639.91865881099,77.03805021627608,407501.69251710403
855,123.7499271693312,68.05143806625215,2352.276834374591,30.761888033465272,488500.78295643145
856,202.4333189169179,75.56713096509891,1160.291209570328,40.466633883891184,344524.48632213863
857,110.7602721365498,74.32927136639132,2357.1713781544768,40.15541901163465,487837.7966277565
858,215.18563142327463,74.49533994876873,2040.9670741887335,21.056970766452142,459097.1934026358
859,201.32154254017007,69.70778999090048,1393.6687344387228,97.87137448673622,371717.11389221554
860,188.93298451246537,73.60773586769415,2117.768487791539,56.80424220964737,462984.92189229553
861,105.9103457367007,68.18772730256914,1837.86977135352,77.98658456484077,426617.20347949525
862,137.69914004136456,73.64402769447281,1415.6488702594447,19.203532668009622,380346.1263254244
863,298.90218902218066,74.5042942816341,1150.2996339595184,38.118248243931234,348099.7931295286
864,259.3958804669553,72.89246377204536,1696.4185266654679,97.7101597536454,413340.9537801862
865,160.4180939660763,70.09386874906637,2168.2709867128856,31.32748959442544,469979.1395723505
866,265.89560857275046,71.65836697592826,2422.114774620464,38.58253938575103,500511.9460735777
867,279.09679231907705,69.48357968460714,1421.9258031079967,21.258554987166736,386835.10579257115
868,166.48315489808715,71.48016579979691,2439.572377286334,80.35603640362454,493862.38325359835
869,237.5086465400696,74.69434009682043,2053.89160125699,86.8162904615497,455040.4443702288
870,124.54751138640943,67.08575182237692,1939.7780337285485,25.007282736310156,444110.27665735676
871,263.20267792745847,70.23193215802223,2155.9465616548796,31.29250370679014,473001.1059288236
872,276.32705214277246,70.72037530972023,1864.364852827881,63.22052298725408,437724.8184244999
873,190.01222624905222,74.72295664308393,1984.6838850684946,95.6723379818013,444363.974901761
874,201.2111346329207,69.07788031462438,1921.8458089916662,30.435728252425065,444031.51106003276
875,167.02576614284328,74.02703816858943,1243.6641378064646,68.46820467797676,352561.54524858476
876,196.80340680536665,69.2037019832437,1759.558393607375,97.4979605598457,418132.09213297034
877,171.2179985740042,67.62950171568512,2021.1998969236515,93.45098640723174,447950.01607049815
878,211.97013663017435,73.40962363871684,1300.4885483165824,43.443065125830316,364773.78086415766
879,146.57544287697255,71.20776511867646,1538.2042677103618,53.40305142250743,393278.66010787984
880,197.24763128554446,72.57888916836018,1688.529035453632,36.16605138255743,415625.3244849851
881,114.27017976633111,68.99106257753414,2316.5936946062384,83.78011716051176,479310.16135131347
882,237.72867386895956,74.29805213707237,2303.300660032053,78.12056033130301,482874.0354487836
883,198.6631886125684,75.26123575981877,1892.8820690178347,30.305737266402268,440658.84270984563
884,102.35433324071386,72.56616919447633,2056.2843184056437,25.789612565251723,456733.66187917336
885,184.69366888739347,71.82725583299113,1359.0413173211427,22.4985478250223,373849.86796741374
886,179.6390963255164,73.25537840925237,1244.61557853599,69.16465453568537,353058.2108567798
887,203.4018130303383,73.29498387168239,2251.1159052077537,74.38029733854107,476203.4787624924
888,210.88788838093052,70.01627092755552,1054.3108617966564,10.747502243025346,331689.90778283897
889,204.37941786772657,72.91263550672134,2336.5872515332753,55.87012785826379,487074.7700933128
890,198.4600680543921,72.87332400853266,2418.8066711334886,44.66243090077952,496451.58473437134
891,162.3116748788771,73.24155720692215,2002.6365097904766,68.31446654243902,448109.88413414557
892,152.02485332343684,68.2312127309494,2039.11530796799,79.02611441546213,450769.460585052
893,209.42979979743274,75.5205522407628,1721.4938763772732,36.906207818569555,420104.15494778834
894,216.0924245189566,68.48291581907041,2007.7977868715325,48.36316249587166,452653.98875197716
895,124.95803107450271,71.17716113386274,1155.1013418354312,96.4282680935382,335634.4663030491
896,266.31562335973246,71.01489807997314,1264.9783022150664,60.374259939803295,360671.25442850677
897,196.23668988011235,70.31707351937365,2351.782060181543,56.80078360908063,488213.6040173793
898,282.60310455079093,74.62800651980268,1164.0898295619506,36.489451053665675,349359.4522666751
899,100.8503858233415,71.62172670243633,2403.2816622884225,33.978999831211134,492980.2153417351
900,102.27583321229332,74.79976996722097,1179.3350071932973,68.507487063225,341497.6535621413
901,193.3662378115465,70.10963281585379,2156.2854672325257,83.01460852577061,464727.6978338166
902,125.75589825245126,68.91849857034262,1448.2485604233984,31.107112572331612,383151.61759109
903,224.58959878627894,70.23266246636035,1955.137834398503,16.54591140466422,450228.043711863
904,226.63801009922577,67.96205006585701,1160.2288700851275,15.817341477686817,347918.03719536663
905,100.92097687037167,71.6217525557777,1148.9327327171347,38.0842660488706,339955.2182111534
906,189.13260305584777,71.27690786378403,1047.874721178813,70.76265132506603,323889.3214066453
907,213.23270116153202,72.24021840805275,1208.3279389044073,43.13724735503262,351717.48087428015
908,280.8238872681029,70.29925341782446,2021.1405139024423,75.09547338617865,454741.891498558
909,157.96809665916936,70.93364276204086,2076.229240018838,51.54348254443613,457828.8528251391
910,164.93664257221647,72.76170908224968,2030.0686308982329,43.76289143655707,453703.3388618583
911,195.93288939847412,68.34547185244227,1605.1459525666926,64.96888412897914,402313.95287828485
912,186.2103330108891,67.01975287062929,1204.6811510392433,61.348051851514086,348253.3970314617
913,155.53460247064442,74.57746228931553,1763.074578810841,35.72634380138507,423269.8035666272
914,273.3939098462694,70.53796106399639,1632.7104783687419,19.810820695705594,413897.8604160273
915,204.18112219610595,73.25952283142531,2002.8534916857961,78.55892725998321,448654.8057077151
916,170.4539553664203,75.79487753571648,2299.6957197580296,43.88633435584697,483153.0923460136
917,215.3190295158196,72.2449390298116,2077.9233980948447,78.27138155317441,457524.2595188239
918,138.3237467349166,73.80723478366036,2379.49282852299,69.5014008024919,487927.6575273616
919,174.00580926685532,70.98946373733905,1567.872798190664,97.37047702514714,393600.83230834675
920,111.62664043099252,71.37842770298491,1690.609449214976,42.48947434087209,412598.0059571978
921,106.32469461958564,73.60395210870739,2385.8687590771806,48.81085411277947,489850.0512044816
922,244.92241330319644,74.94490264266307,1937.3922482521125,65.95307729043712,444309.3826399177
923,119.93991739018021,75.01346929798348,1476.5663870464755,42.950862453659276,385632.64151370164
924,215.97202690931823,68.48612783554934,1901.421367389223,46.16631837430404,440727.5641568589
925,226.98524857080724,70.31520545424944,1551.9635888622133,10.661612524515082,402270.7257757643
926,297.20484484433626,69.70250593368888,2282.6735215835197,54.8794011045358,486137.5461151376
927,200.57237343853865,75.21190020279901,1880.1604543178287,16.13351802760535,440660.1115257232
928,175.61401140822926,73.44489095953739,1326.6321286254347,20.619634779037316,369263.3923212513
929,282.0775532212981,69.2373378960637,1445.7606127609572,70.91156192718299,385259.55349689117
930,292.96552629553,68.30584058944305,2090.456927695698,42.096066406946015,466397.79194236855
931,254.22785951288233,69.40122113195865,1982.5519500578494,50.626949318599365,451381.4969170115
932,263.364959810836,71.6059126171521,1635.7564334854183,68.51915073897041,408928.1908766984
933,176.994068777035,72.0801391227787,1023.6101404828241,59.428101335488684,320771.6458485985
934,243.8530430814996,70.85569006386973,2429.7878420247,93.17782570083601,494761.2310583671
935,119.832516327572,67.49707590505142,2087.5039104493108,66.23959037831389,456526.6742013207
936,121.45055677135534,73.04424188636023,1276.2078932693282,52.813354529337545,357411.9050007331
937,228.97607387861424,69.55361201410065,1803.9994799930992,43.236389862344126,430188.43101984204
938,279.0488345504125,70.36789575641758,1464.5453294474696,88.82426246628901,385811.6616911403
939,297.70566187984934,72.43762355786035,1070.381889700472,72.67897550996086,332485.72230980993
940,258.333710556166,72.58688097925133,1483.5277006053634,28.49075320480062,393187.79074805125
941,200.58185833539966,71.7931281923724,1688.4344963876551,99.53329540916985,409465.1491364199
942,165.12492152694966,67.89761374069737,1320.151602994954,18.86756386607296,368125.3331133481
943,140.82681567681303,73.56342654528918,1898.6783670897748,14.478663691686439,440916.80262081756
944,218.03494947238022,71.95784187987839,1627.0532992219305,23.108854724231055,410158.18379662547
945,117.57722806020423,68.2396961066176,2133.2040070036,37.48099581571722,464346.04329966224
946,284.4724702099253,74.161827819411,1432.5613264657377,79.9451704031223,382795.00198253564
947,157.66289696794468,71.14148233044176,2392.571943648463,62.57088772341785,490510.233285231
948,124.65127705888952,74.95899525159889,1342.491021496552,83.84684515096991,363678.7020777113
949,127.90866001823869,73.98277241330628,2341.2551166626063,93.99958129139056,481256.5110269657
950,289.17067929688767,67.75613706068914,1509.972866596367,33.773283907516934,397753.06255996495
951,193.83037814016956,67.72230408681872,1135.204424043625,59.27447546261613,338507.6786468437
952,255.94966956330475,74.53808571163188,1458.179037746373,83.38229320465342,384316.22634650033
953,195.46577498498755,75.18897941924229,1373.3116387618586,37.05768424178031,374799.24335980555
954,201.18881055314063,69.88952188288978,1870.257010262082,21.37388790731051,438959.19155867107
955,199.1856649210564,70.11693200715814,2204.1266890433467,17.68054972041705,476592.9475839309
956,228.772747820351,71.36382117336903,2202.7864702528595,72.01605235451774,472348.37959074473
957,204.01157878507792,69.11854965968172,1691.5811705146784,96.70846228094649,410242.94899108773
958,121.57658679433504,68.86745346834613,1642.9062663604432,80.68948136337062,403128.72141792066
959,125.00279559417822,70.04329896033899,2404.551132888991,69.92896003550686,490081.48626662104
960,254.31487274788554,68.17322656084595,1366.4585518091255,69.05238994105989,373274.49459985923
961,184.66905350230803,71.77821395273371,1636.0399424961574,82.63162460076414,404042.29426471156
962,116.1500088941169,69.74481361920257,1481.6087223925208,94.10503625380957,381087.59889057244
963,276.9401600839282,72.28767436043822,2286.518101756573,96.74065334180717,481261.40069047903
964,288.56829975093956,74.34872526664225,2347.0948694782355,24.368794608812102,495453.1621329636
965,185.9468453523557,70.56360978953936,2227.3936827164052,29.345185938531316,477426.1830706879
966,124.27893756042623,73.29062290893012,2131.924090368064,78.86519664533475,460321.78826948773
967,197.1775605762464,70.83767812057592,2099.861909063003,79.68362407697987,459043.4575988764
968,143.3617192235107,71.8905706333233,1767.7642478571095,99.02746048278537,417175.31749043165
969,265.1732446888184,75.25141971805152,1503.231156698256,33.41462266050124,395657.0680127489
970,258.6323239663546,68.69578618276692,1672.1043680262385,62.20412502242204,413785.8773858994
971,269.806683918512,67.37171140077301,1952.584310603692,73.20338377687573,446534.4457756906
972,159.70121403688174,68.57366883766093,1217.6223067870092,40.85661719658282,351256.4371256023
973,225.77220811935118,69.25884433381336,1013.9250347672453,65.47041562855716,320579.17657152924
974,196.92857165466944,71.84387734736208,1837.370148983659,57.72001370174383,431357.74771117925
975,216.7531387876691,75.77662752334831,1974.676657199245,71.47464490180353,446723.23194695334
976,175.50360806384055,67.51983466740708,1340.4814739752005,29.767464170814627,370207.75399839215
977,214.22101720138903,74.78592488656398,2080.7942747309253,29.545748414700398,462643.9338676618
978,210.6094637557706,69.22239092992699,1917.7221553623513,80.51772864197856,438987.120608846
979,132.9706967194292,68.89152049753241,2149.046209645549,19.760046498461993,468219.69949206925
980,223.8575174529597,71.81460570047189,1399.1505315357635,98.97897195282751,373326.7177377702
981,154.67216706277046,69.3522272273297,2229.1298130868286,71.2549508939171,472385.2588876271
982,170.099368706948,75.18804490710772,2193.2405092391923,21.015876781012324,474068.19775470265
983,111.1968763359125,75.17100661272733,1966.4266607205086,73.15745854863681,442151.3444214614
984,246.34244588586088,73.41054142757314,1527.5883712822092,97.83770228738031,391453.8926037356
985,244.58634960755313,75.97454279038021,1806.5645309818183,16.351422762550996,433958.0341681045
986,145.98440789195004,74.5490446306994,1994.0752876937304,22.134487698054926,451225.323370319
987,214.4744615612434,75.5094982202246,1724.871500553747,13.789644777145957,423016.88289555453
988,224.06265233954508,71.3721100665445,1202.3523612545373,69.21956373059132,348731.9917004563
989,250.98475089760132,70.65226876868365,2308.2387925674166,77.01676172158204,484113.4637011504
990,291.12090674826743,69.46557357151384,1903.0562722502282,25.25080612293872,446807.8350744785
991,256.1734607758138,67.29678926255615,2127.911817070083,64.78998922849506,466234.69602648163
992,286.2595558303112,71.5225015875752,2286.496999563294,93.48233307816746,482098.9645970153
993,109.74406566960744,68.40049166424305,1231.421263567273,60.03731714896468,349998.9644106901
994,248.21550476271204,70.51577624452399,1739.4922393163704,82.11105139076079,419536.4046750167
995,264.6024738798617,71.95840714100817,1303.0694132118383,52.37700650303718,366743.96166227903
996,265.53881485781244,73.60858309898447,1436.5185190194159,87.77740472521613,381499.7526201252
997,221.10881110783083,71.95730467282978,2353.935808974522,15.520795834504149,493578.7350022311
998,293.1614755977953,71.14799634978651,2245.367524448149,63.50889615344295,481103.84846462635
999,185.92942630038186,75.12708866582828,1659.9419474266506,17.218188331618105,413568.5691414177
